id;Signature;Author;Title;First line;Year;Meter;Razmer;Razmer_wclaus;Genre subtitle;Source_name;Place;Year;Volume;Number;Page;Type;Перепечатки;Meter;Стоп;Клаузула;canon_ou_non;corpus
1;Д. Глебов;Глебов Д.П.;Елегия;Надеясь сердца грусть разлукой облегчить;1818;Я;ЯВ;ЯВмжмж;Из соч. Парни;ВЕ;NA;1818;Ч. 100;№ 15-16;193-195;per;С разночтениями повторно опубликовано: Глебов Д. Элегии и другие стихотворения. М., 1827. С. 60-63.;Я;В;мжмж;nc;core
2;Норов;Норов А.С.;Гермиона;О вы, хранимые Фетидой, Гальционы;1821;Я;Я6;Я6жмжм;Элегия в древнем вкусе. Подражание Андрею Шенье;ВЕ;NA;1821;Ч. 116;№ 2;106-10;per;NA;Я;6;жмжм;nc;core
3;Т. -;[Т.-];Елегия;Ах! Сбудутся ль когда надежды юных лет;1819;Я;Я6;Я6ммжж;NA;ВЕ;NA;1819;Ч. 106;№ 16;251-254;per;NA;Я;6;ммжж;nc;core
4;С. де Шаплет;Шаплет С.С.;Элегия;Промчались дни мои счастливы;1819;Я;ЯВ;ЯВжмжм;NA;Соревнователь;NA;1819;Ч. 7;Кн. 7;87-88;per;NA;Я;В;жмжм;nc;core
5;П.П.;Плетнев П. А.;Сельское утро;Осыпан пурпуром восточный неба край;1819;Я;Я65;Я65мжмж;Элегия;СО;NA;1819;Ч. 51;№ 4;176-178;per;NA;Я;65;мжмж;nc;core
6;П.П.;Плетнев П.А.;Судьба Андромахи;Ты фурию, Парис, супругою избрал;1819;Я;Я65;Я65мжмж;Элегия;СО;NA;1819;Ч. 53;№ 15;130-131;per;NA;Я;65;мжмж;nc;core
7;Петр Плетнев;Плетнев П.А.;Гробница Державина;Молчит угрюмый бор, одетый ночи мглой;1819;Я;Я65;Я65мжмж;Элегия;СО;NA;1819;Ч. 54;№ 25;273-275;per;NA;Я;65;мжмж;canon;core
8;П. Теряев;Теряев Павел;Кладбище;Бьет полночь! мертвая посвюду тишина;1820;Я;Я6;Я6мжмж;Элегия;Соревнователь;NA;1820;Ч. 12;Кн. 11;318-321;per;NA;Я;6;мжмж;nc;core
9;В. Кюхельбекер;Кюхельбекер В.К.;Элегия;Ясныя грезы от вас, о бессмертные жители Неба;1820;Эд;Эд;Эдбезрифм;NA;Соревнователь;NA;1820;Ч. 12;Кн. 11;209;per;NA;Эд;NA;безрифм;nc;core
10;Баратынский;Баратынский Е.А.;Весна;Мечты волшебные, вы скрылись от очей;1820;Я;Я64;Я64мжмж;Элегия;Соревнователь;NA;1820;Ч. 10;Кн. 4;88-89;per;NA;Я;64;мжмж;canon;core
11;NA;Пушкин А.С.;Элегия;Погасло дневное светило;1820;Я;ЯВ;ЯВнеурег;NA;СО;NA;1820;Ч. 65;№ 46;271-272;per;NA;Я;В;неурег;canon;core
12;Плетнев;Плетнев П.А.;К моей родине;Забуду ль в песнях я тебя родимый край;1820;Я;Я65;Я65мжмж;Элегия;СО;NA;1820;Ч. 59;№ 3;129-132;per;NA;Я;65;мжмж;nc;core
13;Ал. Н. р. Въ.;Норов А.С.;Прорицание;Затихла в роще Филомела;1820;Я;Я4;Я4неурег;Елегия (Подражание);ВЕ;NA;1820;NA;№ 13;3-5;per;NA;Я;4;неурег;nc;core
14;А. Сырох-въ;[А. Сырох-въ];Елегии жителя берегов Чернаго моря;Лишь сумраком оденутся поля;1820;Я;Я5;Я5мжмж;Посвящена И.М. Сумусю;ВЕ;NA;1820;NA;№ 20;264-265;per;NA;Я;5;мжмж;nc;core
15;А. Сырох-въ;[А. Сырох-въ];К морю;Понесите волны бурныя;1820;Х;Х4;Х4д;Елегии жителя берегов Чернаго моря (2-я);ВЕ;NA;1820;NA;№ 20;265-266;per;NA;Х;4;д;nc;core
16;Вас. Никоновъ;Никонов В.Я.;Елегия;Забыл меня Едвин жестокой;1820;Я;Я4;Я4неурег;NA;ВЕ;NA;1820;NA;№ 21;26-27;per;NA;Я;4;неурег;nc;core
17;М. Дмитриев;Дмитриев М.А.;Воспоминания;Я видел вас опять, родительски поля;1821;Я;Я64;Я64мжмж;Элегия;НЗ;NA;1821;Ч. 6;Июнь;243-241;per;NA;Я;64;мжмж;nc;core
18;А. Б-фъ;Бадульф Ф.И. (?);Разлука;Розалия, мой спутник неизменный;1821;Я;ЯВ;ЯВжмжм;Элегия;НЗ;NA;1821;Ч. 6;Июнь;242-243;per;NA;Я;В;жмжм;nc;core
19;Баратынский;Баратынский Е.А.;Разуверение;Не искушай меня без нужды;1822;Я;Я4;Я4жмжм;Элегия;НЛ;NA;1822;Кн. 1;№ 3;47;per;NA;Я;4;жмжм;nc;core
20;Князь Шаликов;Шаликов П.И.;Элегия на кончину Князя Д.Д. Цицианова;Сближенный времени всемощною рукой;1822;Я;ЯВ;ЯВмжмж;NA;НЛ;NA;1822;Кн. 1;№ 6;93-94;per;NA;Я;В;мжмж;nc;core
21;В.Р.;[В.Р.];Элегия;Почто несется скорби стон;1822;Я;Я43;Я43жмжм;NA;НЛ;NA;1822;Кн. 2;№ 26;206-207;per;NA;Я;43;жмжм;nc;core
22;А. Пушкин;Пушкин А.С.;Элегия;Увы! зачем она блистает;1823;Я;Я4;Я4жмжм;NA;НЛ;NA;1823;Кн. 3;№ 1;13-14;per;NA;Я;4;жмжм;nc;core
23;И. Козлов;Козлов И.И.;Сельская сиротка;Рассталась я с тяжелым сном;1823;Я;ЯВ;ЯВнеурег;Элегия;НЛ;NA;1823;Кн. 3;№ 8;126-128;per;NA;Я;В;неурег;nc;core
24;Баратынский;Баратынский Е.А.;Падение листьев;Поблекнули ковры полей;1823;Я;Я4;Я4неурег;NA;НЛ;NA;1823;Кн. 3;№ 12;186-187;per;NA;Я;4;неурег;nc;core
25;К.;Козлов И.И.;Вечерняя прогулка;Бывало, в юности моей;1823;Я;ЯВ;ЯВнеурег;Элегия;НЛ;NA;1823;Кн. 4;№ 23;159-160;per;NA;Я;В;неурег;nc;core
26;NA;Туманский В.И.;Элегия;Недолго радость окрыляет;1823;Я;Я4;Я4жмжм;NA;НЛ;NA;1823;Кн. 6;№ 43;62;per;NA;Я;4;жмжм;canon;core
27;-ов;Глебов Д.П.;Часовня;Нахмуряь облака, как мрачная завеса;1823;Я;Я66666664;Я66666664жмжм;Элегия;НЛ;NA;1823;Кн. 6;№ 44;76-78;per;Опубликовано с разночтениями: Глебов Д. Элегии и другие стихотворения. М., 1827. С. 12-16.;Я;66666664;жмжм;nc;core
28;А. Пушкин;Пушкин А.С.;Элегия;Я пережил свои желанья;1823;Я;Я4;Я4жмжм;NA;НЛ;NA;1823;Кн. 6;№ 48;144;per;NA;Я;4;жмжм;canon;core
29;Е. Баратынский;Баратынский Е.А.;Элегия;Ужели близок час свиданья;1820;Я;Я4;Я4неурег;NA;НЗ;NA;1820;Ч. 1;Январь;99-100;per;Повторно опубликовано:  СО. 1821. Ч. 6. № 7. С. 320-321.;Я;4;неурег;nc;core
30;Барон Дельвиг;Дельвиг А.А.;Элегия;Не мило мне на новосельи;1820;Я;Я4;Я4неурег;NA;НЗ;NA;1820;Ч. 1;Февраль;87-88;per;NA;Я;4;неурег;nc;core
31;Евгений Баратынский;Баратынский Е.А.;NA;Заснули рощи над потоком;1820;Я;Я4;Я4неурег;"под общ. загл ""Элегии""";НЗ;NA;1820;Ч. 1;Март;54-55;per;NA;Я;4;неурег;nc;core
32;Василий Пушкин;Пушкин В.Л.;NA;В пустыню дикую сокроюсь я несчастный;1820;Я;Я6;Я6неурег;"под общ. загл ""Элегии""";НЗ;NA;1820;Ч. 1;Март;55-56;per;NA;Я;6;неурег;nc;core
33;Плетнев;Плетнев П.А.;Слабая сторона;Ни прелесть голубых очей;1820;Я;Я43;Я43мжмж;Элегия;НЗ;NA;1820;Ч. 2;Апрель;63-64;per;NA;Я;43;мжмж;nc;core
34;Плетнев;Плетнев П.А.;Смерть;Остыла пламенная кровь;1821;Я;Я43;Я43мжмж;Элегия;Соревнователь;NA;1821;Ч. 13;Кн. 1;90-91;per;NA;Я;43;мжмж;nc;core
35;А. Крылов;Крылов А.А.;Недоверчивость;Не спрашивай, зачем я так уныл;1821;Я;Я5;Я5неурег;Элегия;Соревнователь;NA;1821;Ч. 15;Кн. 1;87-89;per;NA;Я;5;неурег;nc;core
36;Е. Б.;Баратынский Е.А.;NA;Прощай, отчизна непогоды;1821;Я;Я43;Я43жмжм;"под общ. загл ""Элегии""";Соревнователь;NA;1821;Ч. 15 ;Кн. 2;236-237;per;NA;Я;43;жмжм;nc;core
37;Е. Б. ;Баратынский Е.А.;Н.М.К.;Пора покинуть милый друг;1821;Я;Я4;Я4неурег;"под общ. загл ""Элегии""";Соревнователь;NA;1821;Ч. 15;Кн. 2;237-239;per;NA;Я;4;неурег;canon;core
38;* *;Баратынский Е.А.;NA;Нет не бывать тому что было прежде;1821;Я;Я5;Я5неурег;"под общ. загл ""Элегии""";Соревнователь;NA;1821;Ч. 16;Кн. 2;204;per;NA;Я;5;неурег;canon;core
39;* *;Баратынский Е.А.;NA;Не искушай меня без нужды;1821;Я;Я4;Я4неурег;"под общ. загл ""Элегии""";Соревнователь;NA;1821;Ч. 16;Кн. 2;205;per;NA;Я;4;неурег;canon;core
40;Плетнев;Плетнев П.А.;Элегия;Как странник сбившийся с пути;1822;Я;Я4;Я4мжжмжммж;NA;Соревнователь;NA;1822;Ч. 17;Кн. 3;336-337;per;NA;Я;4;мжжмжммж;canon;core
41;П.с.р.въ;Писарев А.И. (?);NA;Вотще, обманутый любовью;1822;Я;ЯВ;ЯВнеурег;"под общ. загл ""Элегии"" I";Соревнователь;NA;1822;Ч. 18;Кн. 2;210-211;per;NA;Я;В;неурег;nc;core
42;П.с.р.въ;Писарев А.И. (?);NA;Куда сокрыться от желаний;1822;Я;ЯВ;ЯВнеурег;II;Соревнователь;NA;1822;Ч. 18;Кн. 2;211-214;per;NA;Я;В;неурег;nc;core
43;П.с.р.въ;Писарев А.И. (?);NA;Эрминия на миг судьба нас породнила;1822;Я;ЯВ;ЯВнеурег;III;Соревнователь;NA;1822;Ч. 18;Кн. 2;214-216;per;NA;Я;В;неурег;nc;core
44;В. Олин;Олин В.Н.;Элегия;Нет мраку не сиять и в полуночной мгле;1823;Я;Я65;Я65мжмж;NA;Соревнователь;NA;1823;Ч. 21;Кн. 1;63-67;per;NA;Я;65;мжмж;nc;core
45;Александр Герман;[Александр Герман];Элегия;Когда в груди моей настанет тишина;1823;Я;Я65;Я65мжмж;NA;Соревнователь;NA;1823;Ч. 22;Кн. 1;84-85;per;NA;Я;65;мжмж;nc;core
47;Баратынский;Баратынский Е.А.;Сельская элегия;Я возвращуся к вам поля моих отцов;1821;Я;Я6;Я6ммжж;NA;СО;NA;1821;Ч. 67;№ 6;274-276;per;NA;Я;6;ммжж;canon;core
49;NA;Плетнев П.А.;Б…ов из Рима;Напрасно ветренный поэт;1821;Я;Я43;Я43мжмж;Элегия;СО;NA;1821;Ч. 68;№ 8;35-37;per;NA;Я;43;мжмж;nc;core
50;Дмитриев М.;Дмитриев М.А.;Элегия;Неужели слезы любви и сожаленья;1822;Я;ЯВ;ЯВнеурег;NA;СО;NA;1822;Ч. 75;№ 4;132;per;NA;Я;В;неурег;nc;core
51;П. Теряев;Теряев П.;Элегия на кончину Л.И.Г-ской;Почто задумался веселый Гименей;1822;Я;Я65;Я65мжмж;NA;СО;NA;1822;Ч. 76;№ 14;317-321;per;NA;Я;65;мжмж;nc;core
52;Олин В.;Олин В.Н.;Упование;Давно ли жизнию кипела в сердце кровь;1822;Я;Я65;Я65мжмж;Элегия;Олин В.Н. Две элегии, посвящены памяти незабвенной супруги;СПб;1822;NA;NA;NA;col;NA;Я;65;мжмж;nc;core
53;Олин В.;Олин В.Н.;Весна;Уж веет жизнию прекрасная весна;1822;Я;Я65;Я65мжмж;Элегия;СО;NA;1822;Ч. 77;№ 19;226-229;per;NA;Я;65;мжмж;nc;core
55;Б-ий;Баратынский Е.А.;Элегия;Дремала роща над потоком;1821;Я;Я4;Я4неурег;NA;СО;NA;1821;Ч. 71;№ 27;39;per;NA;Я;4;неурег;nc;core
56;Рылеев;Рылеев К.Ф.;Курбский;На камне мшистом в час ночной;1821;Я;Я4;Я4мжмж;Элегия;СО;NA;1821;Ч. 71;№ 29;129-131;per;NA;Я;4;мжмж;nc;core
57;С. Нечаев;Нечаев С.Д.;Элегия;Где цветут благоухая;1821;Х;Х4;Х4жмжм;NA;СО;NA;1821;Ч. 71;№ 30;176-177;per;NA;Х;4;жмжм;nc;core
58;П. Теряев;Теряев П.;Элегия, на кончину Начальницы Воспитательного Общества благородных девиц Ордена Св. Екатерины, Госпожи Действительной Статской Советницы Анны Ивановны фон Брейткопф, урожденной Парис;Свершилось! все мольбы отринуты судьбой;1823;Я;Я65;Я65мжмж;NA;СО;NA;1823;Ч. 83;№ 7;321-324;per;NA;Я;65;мжмж;nc;core
59;Иван Козлов;Козлов И.И.;Прости;Прости! и если так судьбою;1823;Я;Я4;Я4жмжм;Элегия Лорда Бейрона на разлучение супругов. Перевод с Английского;СО;NA;1823;Ч. 85;№ 18;182-184;per;NA;Я;4;жмжм;canon;core
61;Д. Гл.;Глебов Д.П.;Элегия;О вы пустынницы долин уединенных;1822;Я;Я6;Я6неурег;NA;СО;NA;1822;Ч. 79;№ 27;32-34;per;"С небольшими разночтениями опубликовано под заголовком ""К Музам"": Глебов Д. Элегии и другие стихотворения. М., 1827. С. 27-29";Я;6;неурег;nc;core
62;Г.б.с.;Габбе П.А.;Бейрон в темнице;Последний солнца луч погас за Аппенином;1822;Я;Я6664;Я6664жмжм;Элегия;СО;NA;1822;Ч. 81;№ 43;121-125;per;NA;Я;6664;жмжм;canon;core
63;Д. Глебов;Глебов Д.П.;Разрушенный лес;О сонмы Нимф! Струите токи слез;1823;Я;Я5;Я5мжмж;Элегия;ДЖ;NA;1823;Ч. 1;№ 3;111-112;per;С разночтением в стихе 27 повторно опубликовано: Глебов Д. Элегии и другие стихотворения. М., 1827. С. 30-31;Я;5;мжмж;nc;core
64;NA;[Без подписи];Элегия при взгляде на весеннюю погоду;Под блеском тишиной лазоревого свода;1823;Я;ЯВ;ЯВнеурег;NA;ДЖ;NA;1823;Ч. 1;№ 5;194-195;per;NA;Я;В;неурег;nc;core
65;Дм. Шелехов;Шелехов Д.П.;Элегия;Еще ль завидуешь отраде, злобный рок;1823;Я;Я6;Я6неурег;NA;ДЖ;NA;1823;Ч. 2;№ 7;17-22;per;NA;Я;6;неурег;nc;core
66;Д. Шелехов;Шелехов Д.П.;Элегия;Свершилось! не мечта. О сердца торжество;1823;Я;Я6;Я6неурег;NA;ДЖ;NA;1823;Ч. 2;№ 8;56-58;per;NA;Я;6;неурег;nc;core
67;Дм. Шелехов;Шелехов Д.П.;Элегия. Певец после кончины Лиды;О старец укажи мне верный путь к местам;1823;Я;Я6;Я6неурег;NA;ДЖ;NA;1823;Ч. 2;№ 9;88-91;per;NA;Я;6;неурег;nc;core
68;Лобанов;Лобанов М. Элегия, на кончину Софии Дмитриевны Нарышкиной;Элегия на кончину Софии Дмитриевны Нарышкиной;Кому диадимы сияют венчальны;1824;Амф;Амф4;Амф4жмжм;NA;Лобанов М. Элегия, на кончину Софии Дмитриевны Нарышкиной;Спб;1824;NA;NA;3-6;col;NA;Амф;4;жмжм;nc;core
69;Кобозев;Кобозев М.;К луне;Лучи златые дня угасли на полях;1825;Я;Я6663;Я6663мжмж;Элегия;ДЖ;NA;1825;Ч. 10;№ 7;23-24;per;NA;Я;6663;мжмж;nc;core
70;Бистром;Бистром А.;Элегия;Оставь меня судьбе моей;1825;Я;Я4;Я4мжмж;NA;ДЖ;NA;1825;Ч. 11;№ 18;226;per;NA;Я;4;мжмж;nc;core
71;Б-ов;[Б-ов];Элегия;Как скоро улетела ты;1825;Я;Я4;Я4неурег;NA;ДЖ;NA;1825;Ч. 12;№ 20;63-64;per;NA;Я;4;неурег;nc;core
75;Д. Давыдов;Давыдов Д.В.;Элегия;Примите меч я не достоин брани;1821;Я;ЯВ;ЯВнеурег;NA;Рецензент;NA;1821;NA;№ 2;8;per;С мелкими разночтениями опубликовано: Стихотворения Дениса Давыдова. М., 1832. С. 3-4;Я;В;неурег;nc;core
77;Д. Давыдов;Давыдов Д.В.;Элегия;В ужасах войны кровавой;1821;Х;Х4;Х4неурег;NA;Рецензент;NA;1821;NA;№ 20;80;per;NA;Х;4;неурег;canon;core
80;С-н. П-о.;[С-н. П-о];Явление усопших;Покрытый рощицы приветливою сенью;1824;Я;Я6;Я6жмжм;Романтико-треническая елегия;ВЕ;NA;1824;NA;№ 16;279-281;per;NA;Я;6;жмжм;nc;core
82;Норов;Норов А.С.;Предсказания Данта;Кто сей таинственный возсел на берег Арны;1824;Я;Я6;Я6неурег;Элегия;ЛЛ;NA;1824;NA;№ 5;175;per;NA;Я;6;неурег;nc;core
83;В. Туманский;Туманский В.И.;Элегия;Как звонкое журчание Салгира;1824;Я;Я54;Я54неурег;NA;ЛЛ;NA;1824;NA;№ 6;232;per;NA;Я;54;неурег;nc;core
84;В. С…ъ;[В. С…ъ];Элегия;Когда покою взор на влажной глубине;1824;Я;ЯВ;ЯВнеурег;С морского берега. Подражание Леонарду;Благонамеренный;NA;1824;Ч. 25;№ 3;210-211;per;NA;Я;В;неурег;nc;core
85;NA;[Без подписи];Отъезд;Обитель мирная любви и наслаждений;1824;Я;Я6;Я6неурег;Элегия;Благонамеренный;NA;1824;Ч. 25;№ 4;292-294;per;NA;Я;6;неурег;nc;core
86;…ий;[…ий];Больный певец;Тронитесь Камены любимым Певцом;1824;Амф;Амф43;Амф43мжмж;Элегия. Посв…***;Благонамеренный;NA;1824;Ч. 25;№ 5;362-363;per;NA;Амф;43;мжмж;nc;core
87;П. М-ъ;Межаков П.А.;Пустыня;Нередко вечером, при солнечном закате;1824;Я;Я6;Я6жмжм;Элегия (в огл.);Благонамеренный;NA;1824;Ч. 26;№ 8;117-119;per;NA;Я;6;жмжм;nc;core
88;**;[**];Элегия;Уже последний луч вечернего светила;1824;Я;Я65;Я65жмжм;На смерть Я. В. С…го;Благонамеренный;NA;1824;Ч. 26;№ 11;325-327;per;NA;Я;65;жмжм;nc;core
89;Бестужев-Рюмин;Бестужев-Рюмин М.А.;Безнадежность;Не пробуждай во мне мечтаний;1824;Я;Я4;Я4жмжм;Элегия;Благонамеренный;NA;1824;Ч. 28;№ 21-22;250;per;Повторно опубликовано: Сириус. СПб. 1826. С.74-75.;Я;4;жмжм;nc;core
90;Степан Степанов;[Степан Степанов];Падение листьев;Осенний ветр с густых ветвей;1825;Я;Я4;Я4неурег;NA;Благонамеренный;NA;1825;Ч. 30;№ 21;258-260;per;NA;Я;4;неурег;nc;core
91;А. А-въ;[А. А-въ];Элегия;Я помню первые лобзанья;1825;Я;Я4;Я4неурег;NA;Благонамеренный;NA;1825;Ч. 31;№ 31-32;170-171;per;NA;Я;4;неурег;nc;core
92;Э.;[Э.];Одиночество;Тускнеет неба свод и мрачный вид природы;1826;Я;Я6;Я6неурег;Элегия;Благонамеренный;NA;1826;Ч. 32 (33);№ 2;83-85;per;NA;Я;6;неурег;nc;core
93;Н. Языков;Языков Н.М.;Элегия;Любовь любовь веселым днем;1826;Я;Я4;Я4неурег;NA;Бланогамеренный;NA;1826;Ч. 33 (34);№ 9;168-169;per;Перепечатано: Славянин.1827. Ч. 3. №30. С. 146.;Я;4;неурег;canon;core
94;П. Клейменов;[П. Клейменов];Элегия;Как милая дева как ангел небесный;1826;Амф;Амф4;Амф4жмжм;NA;Благонамеренный;NA;1826;Ч. 33 (34);№ 11;315;per;NA;Амф;4;жмжм;nc;core
95;Н. Бушмакин;Бушманкин Н.;Сын над гробом отца;Прости, бесценный прах, чувствительность мою;1826;Я;Я6;Я6мжмж;Элегия;Благонамеренный;NA;1826;Ч. 33 (34);№ 12;363-365;per;NA;Я;6;мжмж;nc;core
96;Н. Б. ;Бушманкин Н.;Пловец;Напрасно ищет взор родимых берегов;1826;Я;Я6;Я6мжмж;Элегия;Благонамеренный;NA;1826;Ч. 33 (34);№ 12;365-366;per;NA;Я;6;мжмж;nc;core
97;Мих. Дмитриев;Дмитриев М.А.;Спокойствие;Вы любите покой, о дщери Мнемозины;1824;Я;ЯВ;ЯВнеурег;Элегия;Соревнователь;NA;1824;Ч. 25;Кн. 3;260-261;per;Повторно опубликовано: Стихотворения Михаила Дмитриева. М., 1830. С. 36-38.;Я;В;неурег;nc;core
98;Мих. Дмитриев;Дмитриев М.А.;Монастырь;Обитель древняя забывших суету;1824;Я;Я65;Я65мжмж;Элегия;Соревнователь;NA;1824;Ч. 25;Кн. 3;262-264;per;NA;Я;65;мжмж;nc;core
99;Туманский;Туманский В.И.;Элегия;На грозном океане света;1824;Я;ЯВ;ЯВнеурег;NA;Соревнователь;NA;1824;Ч. 28;Кн. 2;217-219;per;NA;Я;В;неурег;nc;core
100;Александр Пушкин;Пушкин А.С.;Желание славы;Когда любовию и негой упоенный;1825;Я;Я6;Я6жжмм;Элегия;Соревнователь;NA;1825;Ч. 30;№ 6;299-300;per;NA;Я;6;жжмм;canon;core
101;* *;Языков Н.М.;Элегия I;Счастлив кто с юношеских дней;1825;Я;Я4;Я4неурег;NA;Соревнователь;NA;1825;Ч. 31;№ 7;98;per;Перепечатано: НЛ. 1825. Кн. 14. № 10. С. 75.;Я;4;неурег;canon;core
102;* *;Языков Н.М.;Элегия II ;Свободен я уже не трачу;1825;Я;Я4;Я4неурег;NA;Соревнователь;NA;1825;Ч. 31;№ 7;99;per;Перепечатано: НЛ. 1826. Кн. 16. № 2. С. 94;Я;4;неурег;nc;core
103;* *;Языков Н.М.;Элегия III;Я знал живое заблужденье;1825;Я;Я4;Я4неурег;NA;Соревнователь;NA;1825;Ч. 31;№ 7;99;per;Перепечатано: НЛ. 1826. Кн. 16. № 3. С. 150.;Я;4;неурег;nc;core
104;* *;Языков Н.М.;Элегия IV;Моя камена ей певала;1825;Я;Я4;Я4жмжм;NA;Соревнователь;NA;1825;Ч. 31;№ 7;99-100;per;Перепечатано: НЛ. 1826. Кн. 16. № 2. С. 93;Я;4;жмжм;nc;core
105;*;[*];Элегия;Время быстро пролетает;1826;Х;Х4;Х4ж;NA;Сириус;СПб;1826;NA;NA;128-130;alm;NA;Х;4;ж;nc;core
112;Н. Языков;Языков Н.М.;Элегия;Скажи, воротишься ли ты;1824;Я;Я4;Я4неурег;NA;НЛ;NA;1824;Кн. 7;№ 3;46-47;per;NA;Я;4;неурег;canon;core
113;Н. Языков;Языков Н.М.;Элегия;Не улетай, не улетай;1824;Я;Я4;Я4мжмж;NA;НЛ;NA;1824;Кн. 8;№ 13;16;per;NA;Я;4;мжмж;nc;core
114;Г.;[Г.];Жертва любви;Протяжный колокола звон;1824;Я;Я4;Я4неурег;Элегия;НЛ;NA;1824;Кн. 8;№ 14;29-32;per;NA;Я;4;неурег;nc;core
115;Карниолин-Пинский;Карниолин-Пинский М.М.;К спокойствию;Обитель тихая отшельников смиренных;1824;Я;Я6664;Я6664жмжм;Элегия;НЛ;NA;1824;Кн. 8;№ 23;173-175;per;NA;Я;6664;жмжм;nc;core
116;Кобозев;Кобозев М.;Прошедший вечер;Весна протекших дней куда сокрылась ты;1824;Я;Я6;Я6ммжж;Элегия;ДЖ;NA;1824;Ч. 7;№ 14;56-59;per;NA;Я;6;ммжж;nc;core
117;И. Великопольский;Великопольский И.Е.;Нереида;О музы оставьте шумящие воды Пермесса;1827;Амф;Амф5;Амф5ж;Элегия;Календарь муз на 1827 год;Спб;1827;NA;NA;74-78;alm;NA;Амф;5;ж;nc;core
119;Н. Языков;Языков Н.М.;Элегия;Меня любовь преобразила;1826;Я;Я4;Я4неурег;NA;Календарь муз на 1826 год;Спб;1826;NA;NA;124-125;alm;NA;Я;4;неурег;canon;core
120;Н. Сушков;Сушков Н.В.;Звездочка;Сокрылося бледное дней кратких светило;1826;Амф;Амф4;Амф4с доп. Стопой?;Элегия (в огл.);Календарь муз на 1826 год;Спб;1826;NA;NA;128-130;alm;NA;Амф;4;с доп. Стопой?;nc;core
121;Мих. Дмитриев;Дмитриев М.А.;Елегия;Не огорчай меня сомненьем;1826;Я;Я4;Я4жмжм;NA;Урания;М;1826;NA;NA;68;alm;Повторно опубликовано: Стихотворения Михаила Дмитриева. М., 1830. Ч. 1. С. 56.;Я;4;жмжм;nc;core
122;Н. Павлов;Павлов Н.Ф.;Елегия;Как быстрая волна в безбрежности морей;1824;Я;Я6663;Я6663мжмж;NA;Мнемозина;М.;1824;Ч. 1;NA;111;alm;NA;Я;6663;мжмж;nc;core
123;П…ъ;Павлов Н.Ф.;Элегия;Мой друг, я истощил бесплодное страданье;1824;Я;ЯВ;ЯВнеурег;NA;Мнемозина;М.;1824;Ч. 2;NA;68-69;alm;NA;Я;В;неурег;nc;core
124; -й-;[-й-];Свидание;Не тщетно возсылал моленья к небесам;1824;Я;Я6;Я6мжмж;Елегия;Мнемозина;М.;1824;Ч. 3;NA;155-156;alm;NA;Я;6;мжмж;nc;core
127;Масальский;Масальский К.П.;Элегия;Чья это новая гробница;1830;Я;Я4;Я4неурег;NA;СО;NA;1830;Т. 9;№ 3;184-186;per;NA;Я;4;неурег;nc;core
128;С. Каратеев;[С. Каратеев];Элегия на смерть младенца Княжны Катерины Дундуковой-Корсаковой;Видал ли ты как за горою;1830;Я;Я4;Я4жмжм;Посвящ. К.М.А. Дундукову-Корсакову;СО;NA;1830;Т. 9;№ 5;307-308;per;NA;Я;4;жмжм;nc;core
129;Александр Глебов;Глебов А.Н.;Элегия;Давно ли ты шаля смеясь играя;1829;Я;Я5;Я5жмжм;NA;СО;NA;1829;Т. 3;№ 18;237-240;per;NA;Я;5;жмжм;nc;core
130;***;[Без подписи];Элегия;О пощади зачем сей пылкий взгляд;1834;Я;ЯВ;ЯВнеурег;С. Г. Э.;СО;NA;1834;Т. 42;№ 16;558;per;NA;Я;В;неурег;nc;core
131;NA;Дмитриев М.А.;Элегия;Друг милый! от чего невольно каплют слезы;1827;Я;ЯВ;ЯВнеурег;NA;МВ;NA;1827;Ч. 6;№ 22;131-132;per;С разночтением опубликовано: Стихотворения Михаила Дмитриева. М., 1830. Ч. 1. С. 25-27.;Я;В;неурег;nc;core
132;Дмитриев Мих.;Дмитриев М.А.;К друзьям;Не радуйтесь, друзья младые;1827;Я;Я4;Я4неурег;Элегия;МВ;NA;1827;Ч. 1;№ 3;167-168;per;Повторно опубликовано: Стихотворения Михаила Дмитриева. М., 1830. Ч. 1. С. 50-51.;Я;4;неурег;nc;core
133;NA;[Без подписи];Элегия;О червь-тоска, зачем ты сердце гложешь;1828;Я;Я5;Я5жмжм;NA;МВ;NA;1828;Ч. 10;№ 15;211-212;per;NA;Я;5;жмжм;nc;core
134;Языков;Языков Н.М.;Элегия;Тот не Поэт, в ком не пробудит;1830;Я;Я4;Я4неурег;NA;МВ;NA;1830;Ч. 1;№1;8;per;NA;Я;4;неурег;canon;core
135;Языков;Языков Н.М.;Элегия;Язык души красноречивый;1830;Я;Я4;Я4жмжм;NA;МВ;NA;1830;Ч. 1;№ 4;335;per;NA;Я;4;жмжм;nc;core
136;Пушкин А.;Пушкин А.С.;Элегический отрывок;Поедем я готов куда бы вы друзья;1830;Я;Я6;Я6ммжж;NA;МВ;NA;1830;Ч. 3;№ 11;194-195;per;NA;Я;6;ммжж;nc;core
137;У.;Языков;Элегия;Мне ль позабыть огонь и живость;1830;Я;Я4;Я4жммжм;NA;МВ;NA;1830;Ч. 4;№ 13;8;per;NA;Я;4;жммжм;nc;core
138;Ободовский;Ободовский П. Г. (?);Кипарис;О кипарис сколь ты отраден в летний зной;1826;Я;Я6;Я6неурег;Восточная элегия;НЛ;NA;1826;Кн. 16;№ 1;47-48;per;NA;Я;6;неурег;nc;core
139;Глебов Дм.;Глебов Д.П.;Элегическая песнь. На кончину ГОСУДАРЯ ИМПЕРАТОРА АЛЕКСАНДРА ПАВЛОВИЧА, САМОДЕРЖЦА ВСЕРОССИЙСКОГО;Еще не умолкал веселья шумный клик;1826;Я;ЯВ;ЯВнеурег;NA;НЛ;NA;1826;Кн. 16;№ 2;91-93;per;NA;Я;В;неурег;nc;core
142;Бороздна И.;Бороздна И.П.;Оставленное жилище;Увы, ее уж нет со мною;1826;Я;ЯВ;ЯВжмжм;Элегия (Вольный перевод из Мильвуа);НЛ;NA;1826;Кн. 16;№ 3;147-149;per;Повторно опубликовано: Опыты в стихах Ивана Бороздны. М. 1828. С. 90-92.;Я;В;жмжм;nc;core
143;М-л Яковлев ;Яковлев М.;Элегия (Незабвенной);Давно ль природы красота;1826;Я;Я4;Я4безрифм;NA;НЛ;NA;1826;Кн. 16;№ 3;149;per;NA;Я;4;безрифм;nc;core
146;Д. Гл.;Глебов Д.П.;Гробница Бенамара, персидского поэта;Заида! Твой голос отрадный Зефира;1825;Амф;Амф4;Амф4жмжм;Элегия. Из Мильвуа;НЛ;NA;1825;Кн. 11;№ 2;93-95;per;NA;Амф;4;жмжм;nc;core
147;Е. З-ий;Зайцевский Е.П.;Элегия;Не обольщай меня напрасно;1825;Я;Я4;Я4жмжм;NA;НЛ;NA;1825;Кн. 12;№ 5;143-144;per;NA;Я;4;жмжм;nc;core
148;Е. З-ий ;Зайцевский Е.П.;Элегия;В бездействии души и в праздности досуга;1825;Я;ЯВ;ЯВнеурег;NA;НЛ;NA;1825;Кн. 12;№ 6;188-189;per;NA;Я;В;неурег;nc;core
149;Ободовский Пл.;Ободовский П. Г.;Сельская элегия;Два ясеня дружно сплетяся ветвями;1825;Амф;Амф4;Амф4неурег;NA;НЛ;NA;1825;Кн. 13;№ 7;54;per;NA;Амф;4;неурег;nc;core
150;Загорский;[Загорский];Элегия. Воспоминание;Где ваша красота;1825;Я;Я3;Я3неурег;NA;НЛ;NA;1825;Кн. 13;№ 9;185;per;NA;Я;3;неурег;nc;core
152;NA;[Без подписи];Элегия писанная на развалинах нагорного замка;Под кровом сумрака долины засыпают;1815;Я;Я6;Я6жжмм;NA;Демокрит;NA;1815;Ч. 2 Кн. 5;NA;67-72;per;NA;Я;6;жжмм;nc;core
154;Днс. Давд.;Давыдов Д.В.;Элегия;Пусть бога-мстителя могущая рука;1815;Я;ЯВ;ЯВнеурег;NA;Амфион;NA;1815;№ 5;NA;66-69;per;NA;Я;В;неурег;nc;core
155;Г. Федоров;[Г. Федоров];Узник к своему другу;Клеандр! Твой друг средь хладныя темницы;1816;Я;Я6;Я6жжмм;Элегия;Дух журналов;NA;1816;Ч. 16;NA;447-452;per;NA;Я;6;жжмм;nc;core
156;Князь Шаликов;Шаликов П.И.;Элегия на кончину ИМПЕРАТРИЦЫ ЕЛИСАВЕТЫ АЛЕКСЕЕВНЫ;О скоро скоро Царь небес;1826;Я;Я4;Я4мжмж;NA;ДЖ;NA;1826;Ч. 15;№ 13;20-21;per;NA;Я;4;мжмж;nc;core
157;Василий Трубников;[Василий Трубников];Элегия;Наслажденье, наслажденье;1826;Х;Х4;Х4жмжм;NA;ДЖ;NA;1826;Ч. 15;№ 13;25-26;per;NA;Х;4;жмжм;nc;core
160;А. Бистром;Бистром А.;Елегия;Завеса с глаз моих спадает;1826;Я;Я4;Я4неурег;NA;ДЖ;NA;1826;Ч. 15;№ 16;143-144;per;NA;Я;4;неурег;nc;core
161;А. Дер--кий;[А. Дер--кий];Элегия;Какая радость засветилась;1826;Я;Я4;Я4неурег;NA;ДЖ;NA;1826;Ч. 15;№ 17;192;per;NA;Я;4;неурег;nc;core
162;Пав. Межаков;Межаков П.А.;Элегия;Возможно ли любить и жить в градских стенах;1815;Я;Я6;Я6ммжж;Подражание Проперцию;Чтение в беседе;NA;1815;NA;№ 18;55-57;per;NA;Я;6;ммжж;nc;core
165;Н. Иванчин-Писарев;Иванчин-Писарев Н.Д.;Элегия;Невинный пред тобой сам Бог тому свидетель;1828;Я;Я6;Я6жмжм;NA;Новейшия стихотворения Н. Иванчина-Писаева;М;1828;NA;NA;53-54;col;NA;Я;6;жмжм;nc;core
166;Аким Нахимов;Нахимов А.Н.;Элегия;Восплачь Канцелярист Повытчик Секретарь;1822;Я;Я6;Я6ммжж;NA;Сочинения Акима Нахимова;М;1822;NA;NA;31-32;col;NA;Я;6;ммжж;nc;core
167;Бороздна И.;Бороздна И.П.;Могила юноши;Увы здесь юноша во цвете лет сраженный;1828;Я;ЯВ;ЯВнеурег;Подражание Гервею;Опыты в стихах Ивана Бороздны;М;1828;NA;NA;87-89;col;NA;Я;В;неурег;nc;core
170;Бороздна И.;Бороздна И.П.;Мое убежище;Я вижу вновь тебя о край моих отцов;1823;Я;ЯВ;ЯВнеурег;"раздел ""Элегии""";Опыты в стихах Ивана Бороздны;М;1828;NA;NA;96-101;col;NA;Я;В;неурег;nc;core
172;Жуковский В.;Жуковский В.А.;Сельское кладбище;Уже бледнеет день скрываясь за горою;1816;Я;Я6;Я6жмжм;Элегия;Стихотворения Василия Жуковского;СПб;1816;Ч. 2;NA;27-35;col;NA;Я;6;жмжм;nc;core
173;Жуковский В.;Жуковский В.А.;Славянка;Славянка тихая сколь ток приятен твой;1815;Я;Я6664;Я6664мжмж;"раздел ""Элегии""";Стихотворения В. Жуковского;СПб;1824;Т. 2;NA;181-188;col;NA;Я;6664;мжмж;nc;core
174;Жуковский В.;Жуковский В.А.;На кончину ея величества королевы Виртембергской;Ты улетел небесный посетитель;1819;Я;Я5;Я5жмжмжмжж;"раздел ""Элегии""";Стихотворения В. Жуковского;СПб;1824;Т. 2;NA;191-199;col;NA;Я;5;жмжмжмжж;nc;core
175;Жуковский В.;Жуковский В.А.;Вечер;Ручей виющийся по светлому песку;1824;Я;Я6664;Я6664мжмж;"раздел ""Элегии""";Стихотворения В. Жуковского;СПб;1824;Т. 2;NA;203-207;col;NA;Я;6664;мжмж;nc;core
200;NA;Батюшков К.Н.;Последняя весна;В полях блистает Май веселый;1816;Я;Я4;Я4жмжм;NA;ВЕ;NA;1816;NA;№ 11;181-183;per;NA;Я;4;жмжм;nc;core
201;Батюшков;Батюшков К.Н.;Елегия из Тибулла;Мессала! Без меня ты мчишься по волнам;1816;Я;Я6;Я6ммжж;Вольный перевод;ВЕ;NA;1816;NA;№ 12;255-261;per;NA;Я;6;ммжж;nc;core
202;Б…..;Батюшков К.Н.;Мщение;Неверный друг и вечно милый;1816;Я;ЯВ;ЯВнеурег;Из Парни;Вестник Европы;NA;1816;Ч. 89;№ 19-20;204-206;periodicals;NA;Я;В;неурег;nc;core
205;Г.;[Г.];Элегия;Грустно грустно расставаться мне;1815;Х;Х4;Х4д (нерифм);NA;Российский музеум;NA;1815;NA;№ 8;153-154;per;NA;Х;4;д (нерифм);nc;core
206;NA;[Без подписи];Элегия на потерю рожка;Плачь плачь мой бедный нос и токи лей на землю;1816;Я;Я6;Я6жжмм;NA;Харьковский демокрит;NA;1816;NA;№ 5;35-36;per;NA;Я;6;жжмм;nc;core
209;В. Олин;Олин В.Н.;Тибуллова Элегия;Нет, свет моих очей! верна любовь прямая;1818;Я;Я6;Я6жжмм;Вольный перевод;Журнал древней и новой словесности;NA;1818;№ 1;NA;18-20;per;NA;Я;6;жжмм;nc;core
210;В. Олин;Олин В.Н.;Элегия на смерть птички;Где ты радость - птичка, утешенье девы;1818;Х;Х63;Х63ж;Посвящена А.М.Б.;Журнал древней и новой словесности;NA;1818;№ 3;NA;137-138;per;NA;Х;63;ж;nc;core
211;Яков Толстой;Толстой Я.Н.;Тибуллова Елегия;Я в гордости мечтал что сил моих достанет;1818;Я;Я6;Я6жжмм;Из 1й книги, вольный перевод;Журнал древней и новой словесности;NA;1818;№ 9;NA;22-25;per;NA;Я;6;жжмм;nc;core
212;Писарев;Писарев А.И.;Бедный негр;С родимым брегом разлученный;1820;Я;Я4;Я4жмжм;Элегия (Подражание Мильвуа);Каллиопа. Труды Благородных воспитанников университетского пансиона;М;1820;Ч. 1;NA;142-144;alm;NA;Я;4;жмжм;nc;core
214; -нъ;Бестужев-Рюмин М.А.;Возвращение на родину;Я возвращуся к вам родимые дубравы;1824;Я;Я6;Я6неурег;Элегия;Майский листок;СПб;1824;NA;NA;1-5;alm;NA;Я;6;неурег;nc;core
215; 2.17;[2.17];Раскаяние;Я не Поэт - возьмите лиру;1824;Я;ЯВ;ЯВнеурег;Элегия;Майский листок;СПб;1824;NA;NA;11-12;alm;NA;Я;В;неурег;nc;core
216;В. Чюриковъ;[В. Чюриков];Элегия;Все мрачно, чуждо все для сердца моего;1815;Я;Я6;Я6мжмж;NA;Каллиопа. Труды Благородных воспитанников университетского пансиона;М;1815;NA;NA;160-161;alm;NA;Я;6;мжмж;nc;core
217;Д. Д-въ;Давыдов Д.В.;Угрозы;О ты, смущенная присутствием моим;1829;Я;ЯВ;ЯВнеурег;Элегия;Северная звезда;СПб;1829;NA;NA;29-30;alm;С небольшими разночтениями повторно опубликовано: Стихотворения Дениса Давыдова. М., 1832. С. 7-8;Я;В;неурег;nc;core
218;Ап.;Вяземский П.А.;Элегия;О ты которая из детства;1829;Я;Я4;Я4жмжм;NA;Северная звезда;СПб;1829;NA;NA;65;alm;NA;Я;4;жмжм;nc;core
219;Карлгоф;Карлгоф В.И.;Киргизская элегия;Как здесь вился широкий пал;1829;Я;Я4;Я4неурег;NA;Северная звезда;СПб;1829;NA;NA;127-128;alm;NA;Я;4;неурег;nc;core
220;* *;Бестужев-Рюмин М.А.;Предчувствие;Не ободряй меня друг нежный;1829;Я;Я4;Я4жмжм;Элегия;Северная звезда;СПб;1829;NA;NA;129;alm;NA;Я;4;жмжм;nc;core
221;П.Дp-въ;Драгоманов П.А.;Сиротки;Зима свирепствует дни ясные прошли;1829;Я;ЯВ;ЯВнеурег;Элегия;Северная звезда;СПб;1829;NA;NA;237-240;alm;NA;Я;В;неурег;nc;core
222;Д. Д-въ;Давыдов Д.В.;Утро;Все тихо и заря багряною стопой;1829;Я;ЯВ;ЯВнеурег;Элегия;Северная звезда;СПб;1829;NA;NA;293-294;alm;NA;Я;В;неурег;nc;core
224;Д. Штейнберг;Штейнберг Д.И.;Элегия;Не утешай меня;1829;Я;Я4;Я4неурег;NA;Зимцерла;М;1829;NA;NA;58;alm;NA;Я;4;неурег;nc;core
226;В. Григорьев;Григорьев В.Н.;Элегия;Мечты златые снов бывалых;1829;Я;Я4;Я4жмжм;NA;Цефей;М;1829;NA;NA;185-186;alm;NA;Я;4;жмжм;nc;core
227;Дмирий Попов;Попов Д.;Элегия;Спустился на поля прохладный тихий вечер;1825;Я;Я6;Я6нерифм;К Барону Фон-Гаубицу. С немецкого;Калужские вечера;М;1825;Ч. 1;NA;172-175;alm;NA;Я;6;нерифм;nc;core
228;Н. Языков;Языков Н.М.;Элегия;Мечты любви мечты пустые;1829;Я;Я4;Я4неурег;NA;Подснежник;Спб;1829;NA;NA;240-241;alm;NA;Я;4;неурег;nc;core
229;М.В.;Вронченко М.П.;Элегия на смерть бешеной собаки;О люди добрые! моей;1830;Я;Я4;Я4мжмж;Из Гольдсмита;Подснежник;СПб;1830;NA;NA;57-59;alm;NA;Я;4;мжмж;nc;core
230;В. Гаркуша;Гаркуша В.;Турецкая элегия;Я арфу дал тебе царицу песней славы;1830;Я;Я65;Я65жмжм;Подражание Байрону;Подснежник;СПб;1830;NA;NA;93-94;alm;NA;Я;65;жмжм;nc;core
232;Иван Козлов;Козлов И.И.;Элегия;Вчера в лесу, я грустью увлечен;1831;Я;Я5;Я5м;Вольное подражание Св. Григорию Назианзину. Посвящено Его Сиятельству Князю Александру Николаевичу Голицыну;Сиротка;М;1831;NA;NA;112-116;alm;NA;Я;5;м;canon;core
236; 1.7. -;[1.7.-];Элегия;Моя промотанная младость;1830;Я;Я4;Я4неурег;NA;Комета;М;1830;NA;NA;69;alm;NA;Я;4;неурег;nc;core
237; -н-;Селиванов И.В.;Элегия;Где дни счастливых обольщений;1830;Я;Я4;Я4жммж;NA;Комета;М;1830;NA;NA;110-112;alm;NA;Я;4;жммж;nc;core
239;Н. Савостьянов;[Савостьянов Н.];Элегия;Иной среди забав в восторгах упоенья;1824;Я;Я6;Я6жмжм;NA;Украинский журнал;NA;1824;NA;№ 11;241-242;per;NA;Я;6;жмжм;nc;core
240;Николай Градовский;[Градовский Николай];Сетование Овидия;Не берегу Днестра певец унылой;1825;Я;ЯВ;ЯВжмжм;Элегия;Украинский журнал;NA;1825;NA;№ 1;40-41;per;NA;Я;В;жмжм;nc;core
242;Ю.;[Ю.];Елегия;Как ненавистный звук цепей;1825;Я;Я6;Я6мжмж;NA;Украинский журнал;NA;1825;NA;№ 15;170;per;NA;Я;6;мжмж;nc;core
243;Ф. Морачевский;Морачевский Ф.С.;Вечер;Когда светило дня последний путь свершает;1825;Я;Я6664;Я6664жммж;Элегия;Украинский журнал;NA;1825;NA;№ 23-24;361-363;per;NA;Я;6664;жммж;nc;core
245;Гр. Хвостов;Хвостов Д.И.;Элегия Императрице Матери на кончину Королевы Виртембергской;Ты плачешь и тебе состраждет вся россия;1821;Я;Я6;Я6неурег;NA;Карманная библиотека Аонид;СПб;1821;NA;NA;63-66;alm;NA;Я;6;неурег;nc;core
248;Ив. Бороздна;Бороздна И.П.;Одиночество;Как часто на горе под дубом наклоненным;1823;Я;Я6;Я6жмжм;Элегия из Ламартина;ВЕ;NA;1823;NA;№ 13;15-17;per;NA;Я;6;жмжм;nc;core
249;И. Бакунин;Бакунин И.М.;Элегия;Уже вечернею росой;1824;Я;Я4;Я4мжмж;NA;НЛ;NA;1824;Кн. 9;Сентябрь;134-136;per;Перепечатано: СНРС. Ч. 2. СПб., 1826. С. 286-288.;Я;4;мжмж;nc;core
250;В. Туманский;Туманский В.И.;Монастырь;В туманно влаге вод потух луч золотой;1818;Я;Я64646663;Я64646663мжмжмжжм;Элегия;Благонамеренный;NA;1818;NA;№ 5;135-139;per;NA;Я;64646663;мжмжмжжм;nc;core
251;В. Туманский;Туманский В.И.;Слабость;Все кончено я разорвал;1818;Я;ЯВ;ЯВнеурег;Элегия (указ. в огл тома);Благонамеренный;NA;1818;NA;№ 5;145-147;per;NA;Я;В;неурег;nc;core
252;В. Туманский;Туманский В.И.;К друзьям детства;Уж гений младости моей;1818;Я;ЯВ;ЯВнеурег;Элегия (указ. в огл тома);Благонамеренный;NA;1818;NA;№ 6;281-282;per;NA;Я;В;неурег;nc;core
253;Ф. Рындовский;Рындовский Ф.М.;К Полине;Ты хочешь знать мой друг как дни мои текут;1818;Я;ЯВ;ЯВнеурег;Элегия;Благонамеренный;NA;1818;NA;№ 7;3-9;per;NA;Я;В;неурег;nc;core
254;Z.;[Z.];К друзьям;Давно ли о други мы вместе сидели;1818;Амф;Амф4;Амф4жмжм;Элегия;Благонамеренный;NA;1818;NA;№ 7;13-14;per;NA;Амф;4;жмжм;nc;core
255;В. Туманский;Туманский В.И.;Элегия;Любовь есть жизни сладострастье;1819;Я;Я4;Я4неурег;NA;Благонамеренный;NA;1819;NA;№ 10;214-215;per;NA;Я;4;неурег;canon;core
256;Милонов;Милонов М.В.;Падение листьев;Рассыпан осени рукою;1819;Я;Я4;Я4жмжм;NA;Благонамеренный;NA;1819;Ч. 7;№ 14;104-107;per;NA;Я;4;жмжм;nc;core
257;Плетнев;Плетнев П.А.;Герой;Простите радости приманчивой любви;1819;Я;Я65;Я65мжмж;Элегия;Благонамеренный;NA;1819;Ч. 8;№ 23-24;274-276;per;NA;Я;65;мжмж;nc;core
258;Ф... Рындовский;Рындовский Ф.М.;Вечерняя прогулка;О друг мой милый друг природа нас зовет;1819;Я;ЯВ;ЯВнеурег;Элегия (указ. в огл. тома);Благонамеренный;NA;1819;Ч. 8;№ 22;193-197;per;NA;Я;В;неурег;nc;core
259;А-ръ Н***въ;Норов А.С.;Лира принесенная в жертву;Аминту гордую ты лира прогневляешь;1819;Я;Я6;Я6жмжм;Элегия (указ. в огл. тома);Благонамеренный;NA;1819;Ч. 8;№ 22;197-199;per;NA;Я;6;жмжм;nc;core
260;Ал. Дуроп;Дуроп А.Х.;Торквато Тасс в изгнании;Соренто как люблю под сению дубравы;1819;Я;Я66446343;Я66446343жмжм;Элегия (указ. в огл. тома);Благонамеренный;NA;1819;Ч. 8;№ 22;201-204;per;NA;Я;66446343;жмжм;nc;core
261;П. Теряев;Теряев П.;Элегия на кончину Д... И... К...;Ужель К судьба еще не утомила;1820;Я;Я65;Я65жмжм;NA;Благонамеренный;NA;1820;Ч. 9;№ 5;321-325;per;NA;Я;65;жмжм;nc;core
262;Н. Анненков;Анненков Н.Е.;Элегия;Куда сокрылися дни юности златой;1820;Я;Я6;Я6неурег;Подражание французскому;Благонамеренный;NA;1820;Ч. 10;№ 7;54-55;per;NA;Я;6;неурег;nc;core
263;Н. Рейнсдорф (?);Рейнсдорф Н.П.;Скоротечность;О други как быстро те дни пролетели;1820;Амф;Амф4;Амф4жмжм;Элегии;Благонамеренный;NA;1820;Ч. 10;№ 8;122;per;NA;Амф;4;жмжм;nc;core
264;Н. Рейнсдорф;Рейнсдорф Н.П.;Странник;Друзья когда опять я с вами;1820;Я;Я4;Я4неурег;Элегии;Благонамеренный;NA;1820;Ч. 10;№ 8;123-124;per;NA;Я;4;неурег;nc;core
265;Н. Дубровин;[Н. Дубровин];Призывание;Приди о нежный друг в мое уединенье;1820;Я;Я6;Я6жмжм;Элегия (указ. в огл. тома);Благонамеренный;NA;1820;Ч. 10;№ 10;286-288;per;NA;Я;6;жмжм;nc;core
266;Ал. Норов;Норов А.С.;Остров;О милый друг оставим здешний край;1820;Я;ЯВ;ЯВнеурег;Элегия (указ. в огл. тома);Благонамеренный;NA;1820;Ч. 10;№ 10;288-290;per;NA;Я;В;неурег;nc;core
267;Валериян Никонов;[Валериян Никонов];Пробуждение;Заря бледнея потухает;1820;Я;Я4;Я4неурег;Элегия (указ. в огл. тома);Благонамеренный;NA;1820;Ч. 10;№ 11;370-372;per;NA;Я;4;неурег;nc;core
268;Вильгельм Тило;Тило В.К.;Эвадна;Подруги милые я с вами счастья время;1820;Я;Я6;Я6жмжм;Элегия (указ. в огл. тома);Благонамеренный;NA;1820;Ч. 10;№ 12;420-424;per;NA;Я;6;жмжм;nc;core
269;К. Рылеев;Рылеев К.Ф.;К Делии;Почто о Делия с коленопреклоненьем;1820;Я;Я6;Я6жжмм;Элегия (указ. в огл. тома);Благонамеренный;NA;1820;Ч. 11;№ 13;50-52;per;NA;Я;6;жжмм;nc;core
270;П-нъ;[П-н];Отчаяние любви;Над шумным потоком;1820;Амф;Амф4;Амф4жмжм;Элегия (указ. в огл. тома);Благонамеренный;NA;1820;Ч. 11;№ 13;52-53;per;NA;Амф;4;жмжм;nc;core
271;И. Великопольский;Великопольский И.Е.;Срубленная роща;О нимфы плачьте рощи нет;1820;Я;Я4;Я4неурег;Элегия;Благонамеренный;NA;1820;Ч. 11;№ 14;111-113;per;NA;Я;4;неурег;nc;core
272;*...а*...;[*…а*…];К птичке;О птичка милая не ведая заботы;1820;Я;ЯВ;ЯВнеурег;Элегия (указ. в огл. тома);Благонамеренный;NA;1820;Ч. 11;№ 14;113-114;per;NA;Я;В;неурег;nc;core
273;Князь Цертелев;Цертелев Н.А.;Призвание;Приди о Делия условный час настал;1820;Я;Я6;Я6неурег;Элегия (указ. в огл. тома);Благонамеренный;NA;1820;Ч. 11;№ 15;187;per;NA;Я;6;неурег;nc;core
274;Д. Глебов;Глебов Д.П.;Монастырь;Бьет полночь сладким сном почило все творенье;1820;Я;Я6;Я6жмжм;Элегия;Благонамеренный;NA;1820;Ч. 12;№ 19;46-49;per;Повторно опубликовано: Глебов Д. Элегии и другие стихотворения. М., 1827. С. 17-20;Я;6;жмжм;canon;core
275;...й;[…й];К Делии;Ты знаешь ли вину ужасного мученья;1820;Я;ЯВ;ЯВнеурег;Элегия (указ. в огл. тома);Благонамеренный;NA;1820;Ч. 12;№ 23-24;327-328;per;NA;Я;В;неурег;nc;core
276;А-р Н-в;Норов А.С.;Моя кончина;Поверенная чувств и тайных впечатлений;1821;Я;Я6;Я6неурег;Элегия;Благонамеренный;NA;1821;Ч. 13;№ 2;79-82;per;NA;Я;6;неурег;nc;core
277;А-м Норов;Норов А.С.;Больной Элизе;Младые грации амуры лейте слезы;1821;Я;Я6;Я6неурег;Элегия (указ. в огл. тома);Благонамеренный;NA;1821;Ч. 13;№ 2;82-83;per;NA;Я;6;неурег;nc;core
278;А. Крылов;Крылов А.А.;Разлука;На жалобы мои казалось отвечали;1821;Я;ЯВ;ЯВнеурег;Элегия (указ. в огл. тома);Благонамеренный;NA;1821;Ч. 13;№ 3;128-130;per;NA;Я;В;неурег;nc;core
279;Ф. Бальдауф;Бальдауф Ф.И.;Элегия;Восток румянится зарею;1821;Я;ЯВ;ЯВнеурег;NA;Благонамеренный;NA;1821;Ч. 13;№ 3;130-134;per;NA;Я;В;неурег;nc;core
280;Вильгельм Тило;Тило В.К.;На смерть соловья;Певец бездыханный напрасно унылый;1821;Амф;Амф4;Амф4жмжм;Элегия (указ. в огл. тома);Благонамеренный;NA;1821;Ч. 13;№ 6;312;per;NA;Амф;4;жмжм;nc;core
281;Вильгельм Тило;Тило В.К.;К весне;Опять опять ты к нам с безоблачных небес;1821;Я;Я64646663;Я64646663мжмж;Элегия (указ. в огл. тома);Благонамеренный;NA;1821;Ч. 14;№ 9;73-76;per;NA;Я;64646663;мжмж;nc;core
282;Б.-;[Б.-];Выздоровление;Я видел над главой моей;1821;Я;ЯВ;ЯВнеурег;Элегия (указ. в огл. тома);Благонамеренный;NA;1821;Ч. 14;№ 9;77-78;per;NA;Я;В;неурег;nc;core
283;В. Тило;Тило В.К.;Майская ночь;Луна плывет среди безоблачных небес;1821;Я;Я6664;Я6664мжмж;Элегия (указ. в огл. тома);Благонамеренный;NA;1821;Ч. 14;№ 11-12;183;per;NA;Я;6664;мжмж;nc;core
284;В. Тило;Тило В.К.;Желание;Ах прежде нежели навеки час кончины;1821;Я;Я6;Я6жмжм;Элегия (указ. в огл. тома);Благонамеренный;NA;1821;Ч. 15;№ 14;81-82;per;NA;Я;6;жмжм;nc;core
285;В. Григорьев (с франц.);Григорьев В.Н.;Одиночество;Как часто на горе в тени дубов ветвистых;1821;Я;Я65;Я65жмжм;Элегия;Благонамеренный;NA;1821;Ч. 15;№ 15;154-157;per;NA;Я;65;жмжм;nc;core
286;Ф. Бальдауф;Бальдауф Ф.И.;Вечер на берегу Байкала;Я не забыл мечты;1821;Я;ЯВ;ЯВмжмж;Элегия;Благонамеренный;NA;1821;Ч. 15;№ 16;205-209;per;NA;Я;В;мжмж;nc;core
287;А. Крылов;Крылов А.А.;Истребленная роща;Нимфы скрывайтесь бегите толпою;1821;Д;Д4;Д4жмжм;Элегия (указ. в огл. тома);Благонамеренный;NA;1821;Ч. 15;№ 16;209-211;per;NA;Д;4;жмжм;nc;core
288;В. Гр.;Григорьев В.Н.;Воззвание;О ты которая в сей горестной пустыне;1821;Я;Я65;Я65жмжм;Элегия (указ. в огл. тома);Благонамеренный;NA;1821;Ч. 15;№ 17-18;263-264;per;NA;Я;65;жмжм;nc;core
289;И. Богданов;Богданов И.;К родине;Благословляю вас поля страны родной;1821;Я;Я6;Я6мжмж;Элегия (указ. в огл. тома);Благонамеренный;NA;1821;Ч. 15;№ 17-18;265-266;per;NA;Я;6;мжмж;nc;core
290;NA;[Без подписи];Элегия на смерть молодой поселянки;Унылый и глухой со мшистой башни звон;1818;Я;Я6;Я6мжмж;NA;Соревнователь;NA;1818;Ч. 2;Кн. 3;383-387;per;NA;Я;6;мжмж;nc;core
291;Плетнев;Плетнев П.А.;Старость;Сокрылись призраки моих счастливых лет;1819;Я;Я65;Я65мжмж;Элегия;Соревнователь;NA;1819;Ч. 8;Кн. 10;88-91;per;NA;Я;65;мжмж;nc;core
292;Плетнев;Плетнев П.А.;Победа;Спеши Эрминия спеши мой друг за мной;1819;Я;Я65;Я65мжмж;Элегия;Соревнователь;NA;1819;Ч. 8;Кн. 10;100-102;per;NA;Я;65;мжмж;nc;core
293;И. Великопольский;Великопольский И.Е.;Чувства при виде Бородинского поля;Приветствую тебя о место славных дел;1822;Я;ЯВ;ЯВнеурег;Элегия (указ. в огл. тома);Благонамеренный;NA;1822;Ч. 17;№ 3;119-122;per;NA;Я;В;неурег;nc;core
294;-евъ;[-ев];На кончину А.Ф.П.;Под навесом липы в сени безмятежной;1822;Х;Х63;Х63ж;Элегия (указ. в огл. тома);Благонамеренный;NA;1822;Ч. 17;№ 3;126-127;per;NA;Х;63;ж;nc;core
295;В. Григорьев;Григорьев В.Н.;Вечер;Я здесь один на сей скале пустынной;1822;Я;Я5;Я5жмжм;Элегия (указ. в огл. тома);Благонамеренный;NA;1822;Ч. 17;№ 7;275-277;per;NA;Я;5;жмжм;nc;core
296;И. Великопольский;Великопольский И.Е.;К вероломной Темире;Темира я тебя не знал;1822;Я;Я4;Я4неурег;Элегия (указ. в огл. тома);Благонамеренный;NA;1822;Ч. 17;№ 8;325-326;per;NA;Я;4;неурег;nc;core
297;В. Г.;В. Григорьев ?;К луне;Ты некогда и мне приветлива была;1822;Я;Я65;Я65мжмж;Элегия (указ. в огл. тома);Благонамеренный;NA;1822;Ч. 17;№ 8;327;per;NA;Я;65;мжмж;nc;core
298;Н. К.;[Н.К.];Коринне;Волшебница твой ненавистен дар;1822;Я;Я5;Я5мжжм;Элегия (указ. в огл. тома);Благонамеренный;NA;1822;Ч. 17;№ 10;407-408;per;NA;Я;5;мжжм;nc;core
299;П.р.въ;[П.р.в];Изгнанник;Оставлен всеми одинок;1822;Я;Я43;Я43мжмж;Элегия (указ. в огл. тома);Благонамеренный;NA;1822;Ч. 17;№ 13;506-507;per;NA;Я;43;мжмж;nc;core
300;Крюков;Крюков А.П.;Могила М.;Чей холм одинокий под ивой густою;1822;Амф;Амф4442;Амф4442жмжм;Элегия (указ. в огл. тома);Благонамеренный;NA;1822;Ч. 19;№ 29;85-86;per;NA;Амф;4442;жмжм;nc;core
301;Г.;[Г.];Аминт;Она бежит отсель я грусти сын унылый;1822;Я;Я6;Я6жмжм;Элегия (указ. в огл. тома);Благонамеренный;NA;1822;Ч. 19;№  31;185-186;per;NA;Я;6;жмжм;nc;core
302;Пл. Ободовский;Ободовский П.Г.;Плач Давида о смерти Саула и Ионафана;На высотах Гильбои диких;1822;Я;Я6;Я6жмжм;Элегия;Благонамеренный;NA;1822;Ч. 19;№  38;459-461;per;NA;Я;6;жмжм;nc;core
303;С. Ст-ч;[С. Ст-ч];Ночь на кладбище;Я здесь окрест меня молчанье;1822;Я;Я4;Я4жмжм;Элегия (указ. в огл. тома);Благонамеренный;NA;1822;Ч. 19;№  38;462-463;per;NA;Я;4;жмжм;nc;core
304;А. Н-ъ;[А. Н-ъ];Элегия;В долине ветр шумит всхолмились тихи воды;1822;Я;Я6;Я6жмжм;NA;Благонамеренный;NA;1822;Ч. 19;№  39;501-502;per;NA;Я;6;жмжм;nc;core
305;А. В.;[А.В.];Элегия;Лелейте тихие Зефиры;1822;Я;Я4;Я4неурег;NA;Благонамеренный;NA;1822;Ч. 20;№ 44;194-195;per;NA;Я;4;неурег;nc;core
306;В.;Туманский В.И. (?);Элегия;Напрасно тоскуешь о днях золотых;1822;Амф;Амф4443;Амф4443мжмж;"К Софии Т.; 1822";Благонамеренный;NA;1822;Ч. 20;№ 48;336-337;per;NA;Амф;4443;мжмж;nc;core
307;Ф... Р...;Рындовский Ф.М.;Новый год;Гость радостный тебя я с горестью встречаю;1823;Я;ЯВ;ЯВнеурег;Элегия;Благонамеренный;NA;1823;Ч. 21;№ 4;284-287;per;NA;Я;В;неурег;nc;core
308;П. Шкляревский;Шкляревский П.П.;Песнь Оссиана;В долине сокровенной;1823;Я;Я3;Я3жмжм;Элегия (указ. в огл. тома);Благонамеренный;NA;1823;Ч. 21;№ 5;321-324;per;NA;Я;3;жмжм;nc;core
309;Ф. Ры-ский;Рындовский Ф.М.;Разлука с друзьями;Источник радостей и милых наслаждений;1823;Я;ЯВ;ЯВнеурег;Элегия;Благонамеренный;NA;1823;Ч. 22;№ 7;19-22;per;NA;Я;В;неурег;nc;core
310;Ир. Подшивалов;[Подшивалов Ир.];Элегия;Хочу отвыкнуть наслаждаться;1823;Я;Я4;Я4неурег;NA;Благонамеренный;NA;1823;Ч. 23;№ 14;143-144;per;NA;Я;4;неурег;nc;core
311;Платон Волков;Волков П.Г.;Воспоминание;Напрасно день за днем катится;1823;Я;Я4;Я4жмжм;Элегия (указ. в огл. тома);Благонамеренный;NA;1823;Ч. 23;№ 16;264-266;per;NA;Я;4;жмжм;nc;core
312;Волков;Волков П.Г.(?);Элегия;Увижу ли тебя о друг мой несравненный;1823;Я;ЯВ;ЯВнеурег;NA;Благонамеренный;NA;1823;Ч. 24;№ 19;60-61;per;NA;Я;В;неурег;nc;core
313;Мотыльков;[Мотыльков];Элегия;Ты заснуло навсегда;1824;Полиметр;Полиметр;Х43мж + Х4жм + Я6жмжмжж + Амф4;NA;Благонамеренный;NA;1824;Ч. 25;№ 5;351-353;per;NA;Полиметр;NA;NA;nc;core
314;Г...в;[Г…в];Возвращение воина на родину;Сын Марса ярого любезный;1824;Я;Я4;Я4жммж;Элегия (указ. в огл. тома);Благонамеренный;NA;1824;Ч. 25;№ 6;427-429;per;NA;Я;4;жммж;nc;core
316;В. Тепляков;Тепляков В. Г.;Вторая фракийская элегия. Томис;Свинцовой дымкою подернут свод небес;1831;Я;ЯВ;ЯВнеурег;NA;Одесский альманах на 1831 год;Одесса;1831;NA;NA;157-166;alm;NA;Я;В;неурег;nc;core
317;Н. Языков;Языков Н.М.;Элегия (Т. Д.);Блажен кто мог одежду ночи;1831;Я;Я4;Я4жмжм;NA;Одесский альманах на 1831 год;Одесса;1831;NA;NA;258;alm;NA;Я;4;жмжм;nc;core
318;Г-х-въ;[Г-х-в];Элегия (К. В. Р-вой);Зачем вы очи голубыя;1831;Я;Я4;Я4неурег;NA;Северное сияние, альманах на 1831 год;М;1831;NA;NA;197;alm;NA;Я;4;неурег;nc;core
319;Б. Федоров;Федоров Б.М.;Элегия;Склонился к вечеру день знойный;1831;Я;Я4;Я4жмжм;NA;Венера, или собрание стихотворений разных авторов;М;1831;NA;NA;28-29;alm;NA;Я;4;жмжм;nc;core
320;NA;[Без подписи];Элегия;Я жизнь любил когда полна;1831;Я;Я4;Я4неурег;NA;Венера, или собрание стихотворений разных авторов;М;1831;NA;NA;68-69;alm;NA;Я;4;неурег;nc;core
321;NA;[Без подписи];Элегия;Когда когда сквозь темну даль;1831;Я;Я4;Я4неурег;NA;Венера, или собрание стихотворений разных авторов;М;1831;NA;NA;110;alm;NA;Я;4;неурег;nc;core
322;NA;[Без подписи];Елегия;Сокройтесь от меня вы шумные забавы;1831;Я;Я6;Я6неурег;NA;Венера, или собрание стихотворений разных авторов;М;1831;NA;NA;133;alm;NA;Я;6;неурег;nc;core
323;А. Пушкин;Пушкин А.С.;Элегия;Мечты мечты;1831;Я;Я2;Я2неурег;NA;Венера, или собрание стихотворений разных авторов;М;1831;NA;NA;145-146;alm;NA;Я;2;неурег;nc;core
326;В. Пушкин;Пушкин В.Л.;Счастливый младенец;Небесный ангел среброкрылый;1827;Я;ЯВ;ЯВнеурег;Элегия;Литературный музеум на 1827 год;М;1827;NA;NA;235-236;alm;NA;Я;В;неурег;nc;core
327;А. Маркович;[Маркович А.];Элегия;Сотлела снега пелена;1835;Я;ЯВ;ЯВнеурег;NA;Осенний вечер;Спб;1835;NA;NA;106-107;alm;NA;Я;В;неурег;nc;core
328;Ив. Г-в;Глухорев И.Н.;Элегия;Она как ангел чистоты;1832;Я;Я4;Я4неурег;NA;Полярная звезда на 1832;М;1832;NA;NA;38;alm;NA;Я;4;неурег;nc;core
329;Ив. Глухорев;Глухорев И.Н.;Элегия (Посвящена П.С. М-ой);Мне снова радость улыбнулась;1832;Я;Я4;Я4неурег;NA;Полярная звезда на 1832;М;1832;NA;NA;113;alm;NA;Я;4;неурег;nc;core
330;Дм. Ш.;[Дм. Ш.];Элегия;Я помню юностью блистая;1832;Я;Я4;Я4жмжм;NA;Полярная звезда на 1832;М;1832;NA;NA;128;alm;NA;Я;4;жмжм;nc;core
331;NA;[Без подписи];Элегия;Не тот несчастлив, кто страданьем;1830;Я;Я4;Я4жмжм;NA;Эхо, литературный альманах;М;1830;NA;NA;100-101;alm;NA;Я;4;жмжм;nc;core
332;М. Лисицына;Лисицына М.А.;Элегия;Ах где она твоя любовь;1828;Я;Я4;Я4мжмж;NA;Русский зритель;NA;1828;Ч. 4;№ 15-16;206-207;per;NA;Я;4;мжмж;nc;core
333;Плетнев;Плетнев П.А.;Неразделяемое наслаждение;Я видел милую о незабвенный час;1820;Я;Я65;Я65мжмж;Элегия;Соревнователь;NA;1820;Ч. 9;Кн. 1;71-72;per;NA;Я;65;мжмж;nc;core
334;Баратынский;Баратынский Е.А.;Элегия;На краткий миг пленяет в жизни радость;1820;Я;Я5;Я5неурег;NA;Соревнователь;NA;1820;Ч. 9;Кн. 2;196;per;NA;Я;5;неурег;nc;core
335;Плетнев;Плетнев П.А.;Праздник;Благословляю твой возврат счастливый день;1820;Я;Я65;Я65мжмж;Элегия;Соревнователь;NA;1820;Ч. 9;Кн. 3;324-326;per;NA;Я;65;мжмж;nc;core
336;А. Б. стр. м;Бистром А.;К фантазии;Куда сокрыласа подруга юных дней;1825;Я;Я6;Я6неурег;Элегия (указ. в огл. тома);Благонамеренный;NA;1825;Ч. 31;№ 27-28;36-37;per;NA;Я;6;неурег;nc;core
337;А. Герман;Герман А.;Воспоминание;Мой полон дух живых воспоминаний;1825;Я;Я5;Я5жмжм;Элегия (указ. в огл. тома);Благонамеренный;NA;1825;Ч. 31;№ 37-38;358-359;per;NA;Я;5;жмжм;nc;core
338;Б. Федоров;Федоров Б.М.;На смерть Евгении Д;Почто спешил мне ангел неизвестный;1825;Я;Я5;Я5жмжм;Элегия (указ. в огл. тома);Благонамеренный;NA;1825;Ч. 31;№ 39-40;444;per;NA;Я;5;жмжм;nc;core
339;Плетнев;Плетнев П.А.;Миних;Края пустынные безлюдная страна;1821;Я;Я65;Я65мжмж;Элегия;Соревнователь;NA;1821;Ч. 14;Кн. 1;53-57;per;Повторно опубликовано: СО. 1821. Ч. 70. № 26. С. 272-276.;Я;65;мжмж;nc;core
341;Н. Тчв;Тютчев Ф.И.;Одиночество;Как часто бросив взор с утесистой вершины;1822;Я;ЯВ;ЯВнеурег;NA;Соревнователь;NA;1822;Ч. 18;Кн. 3;346-348;per;NA;Я;В;неурег;canon;core
343;Туманский;Туманский В.И.;Падение листьев;С дерев на поздний злак полей;1823;Я;Я4;Я4неурег;NA;Соревнователь;NA;1823;Ч. 22;Кн. 3;266-268;per;NA;Я;4;неурег;canon;core
344;М. Лобанов;Лобанов М.Е.;Элегия при гробе князя Смоленского;Вот здесь в велеленном молитвенном зданьи;1816;Амф;Амф4;Амф4жмжм;NA;СО;NA;1816;Ч. 29;№ 15;105-108;per;NA;Амф;4;жмжм;nc;core
345;В. Олин;Олин В.Н.;Элегия на смерть Державина;Мрачно все на лугах Геликона двухолмна;1816;Д;ДВ;ДВж;NA;СО;NA;1816;Ч. 31;№ 29;104-105;per;NA;Д;В;ж;nc;core
346;Д. Глебов;Глебов Д.П.;Элегия;Пора оставить нам забавы городские;1817;Я;ЯВ;ЯВнеурег;NA;СО;NA;1817;Ч. 39;№ 28;64-65;per;Повторно опубликовано: Глебов Д. Элегии и другие стихотворения. М., 1827. С. 48-50;Я;В;неурег;nc;core
347;Глебов;Глебов Д.П.;Элегия;О чем еще богов молить;1817;Я;ЯВ;ЯВнеурег;NA;СО;NA;1817;Ч. 40;№ 33;26-27;per;С изменением двух строк повторно опубликовано: Глебов Д. Элегии и другие стихотворения. М., 1827. С. 45-47.;Я;В;неурег;nc;core
349;Глебов;Глебов Д.П.;Элегия;Под небом сумрачным долины обнаженны;1817;Я;ЯВ;ЯВнеурег;NA;СО;NA;1817;Ч. 40;№ 38;229-230;per;NA;Я;В;неурег;nc;core
350;Вильгельм;Кюхельбекер Вильгельм Карлович;Элегия;Цвет моей жизни не вянь о время сладостной скорби;1817;Эд;Эд;Эд;К Дельвигу;СО;NA;1817;Ч. 41;№ 41;105-106;per;NA;Эд;NA;NA;canon;core
351;Вас. Туманский;Туманский В.И.;Поле Бородинского сражения;Уж солнце за горой последний луч затмился;1817;Я;Я6;Я6жмжм;Элегия. Подражание Тигде;СО;NA;1817;Ч. 42;№ 50;197-202;per;NA;Я;6;жмжм;canon;core
352;Г.;[Г.];К младости;Жизни юдольной единая радость;1818;Д;Д4443;Д4443жмжм;Элегия;СО;NA;1818;Ч. 43;№ 5;207;per;NA;Д;4443;жмжм;nc;core
353;Д. Глебов;Глебов Д.П.;Элегия;Я заслужил твое вниманье;1818;Я;ЯВ;ЯВнеурег;NA;CО;NA;1818;Ч. 44;№ 8;63-64;per;NA;Я;В;неурег;nc;core
354;П.П.;Плетнев П.А.;Загородная роща;Опять ты надо мной зеленый тихий свод;1818;Я;Я65;Я65мжмж;Элегия. Посвящена Ивану Сергеевичу Георгиевскому;CО;NA;1818;Ч. 50;№ 50;225-226;per;NA;Я;65;мжмж;nc;core
355;Мих. Дмитриев;Дмитриев М.А.;Прошедшее;Нет нет не возвратить прошедших наслаждений;1821;Я;Я6464;Я6464жмжм;Элегия;СО;NA;1821;Ч. 70;№ 23;133-135;per;С разночтениями повторно опубликовано: Стихотворения Михаила Дмитриева. М., 1830. С. 15-19;Я;6464;жмжм;nc;core
356;Дмитрий Глебов;Глебов Д.П.;Осень;Угрюмой осени безжалостной рукой;1825;Я;Я65;Я65мжмж;Элегия;СО;NA;1825;Ч. 101;№ 12;407-409;per;Повторно опубликовано: Глебов Д. Элегии и другие стихотворения. М., 1827. С. 24-26;Я;65;мжмж;canon;core
357;Анна Готовцева;Готовцева А.И.;Одиночество;Как часто на горе при солнечном закате;1826;Я;Я6;Я6жмжм;Перевод из Ламартина;СО;NA;1826;Ч, 106;№ 5;107-109;per;NA;Я;6;жмжм;nc;core
358;Николай Лутковский;Лутковский Н.П.;Элегия;Души возвышенного чувства;1827;Я;Я4;Я4неурег;NA;СО;NA;1827;Ч. 112;№ 8;402;per;NA;Я;4;неурег;nc;core
359;* ;[*];Тоска;Напрасно я стараюсь заглушить;1829;Я;ЯВ;ЯВнеурег;Элегия;СО и СА;NA;1829;Т. 6;№ 37;235;per;NA;Я;В;неурег;nc;core
360;NA;Бестужев А. А.;Каспийское море;Пал туман на море синее;1831;Х;Х4;Х4дмдм;NA;СО и СА;NA;1831;Т. 19;№ 17;161-163;per;NA;Х;4;дмдм;nc;core
361;NA;Веневитинов Д. В.;Элегия;Волшебница как сладко пела ты;1827;Я;Я5;Я5неурег;NA;Сочинения Д.В. Веневитинова;М;1829;NA;NA;79-80;col;NA;Я;5;неурег;canon;core
362;С. С..ий;[С. С…ий];Элегия;Когда когда сквозь темну даль;1830;Я;Я4;Я4неурег;NA;ДЖ;NA;1830;Ч. 30;№ 16;40;per;NA;Я;4;неурег;nc;core
363;* * ;[* *];Элегия;Проходит время дни за днями;1831;Я;Я4;Я4неурег;NA;СПб Вестник;NA;1831;Т. 3;№ 30;74-75;per;NA;Я;4;неурег;nc;core
364;Н. Богаевский;[Богаевский Н.];Элегия к Н***;Ах очи очи голубые;1828;Я;Я4;Я4жмжм;NA;Славянин;NA;1828;Ч. 6;№ 18;195-196;per;NA;Я;4;жмжм;nc;core
365;Сиянов;Сиянов П.Г.;Вечер;Все тихо вечер наступает;1828;Я;Я4;Я4неурег;Из Ламартина. В альбом княжне Ал..Евгр...Мышецкой;Славянин;NA;1828;Ч. 6;№ 24;428-430;per;NA;Я;4;неурег;nc;core
366;Н. Богаевской;[Богаевский Н.];Элегия;Во дни моей беспечной младости;1828;Я;Я4;Я4дмдм;NA;Славянин;NA;1828;Ч. 6 ;№ 26;508;per;NA;Я;4;дмдм;nc;core
367;Улан-Поселянин;Нарежный В.Т.;Одиночество;Нередко на горе под древними дубами;1827;Я;Я6;Я6неурег;Из Ламартина;Славянин;NA;1827;Ч. 4;№ 45;225-227;per;NA;Я;6;неурег;nc;core
368;Б. Федоров;Федоров Б.М.;Элегия;Зачем печаль изобразилась;1827;Я;Я4;Я4неурег;NA;Славянин;NA;1827;Ч. 4;№ 47;297-298;per;NA;Я;4;неурег;nc;core
369;Л.;[Л.];Тибуллова элегия;Пускай другой гонясь за славой и фортуной;1828;Я;ЯВ;ЯВнеурег;NA;Славянин;NA;1828;Ч. 5;№ 11;424-428;per;NA;Я;В;неурег;nc;core
370;Вал:-еио-ъ;[Вал:-еио-ъ];Элегия;Мне изменяет вдохновенье;1829;Я;Я4;Я4неурег;NA;Славянин;NA;1829;Ч. 10;№ 20-21;278;per;NA;Я;4;неурег;nc;core
371;С. Каратеев;[С. Каратеев];Элегия;Птичкой резвою умчалась;1829;Х;Х4;Х4жмжм;Посвящается А.П.М...киной;Славянин;NA;1829;Ч. 10;№ 25-26;386;per;NA;Х;4;жмжм;nc;core
373;Бестужев-Рюмин;Бестужев-Рюмин М.А.;Плач супруга;Уж нет ее одни страданья;1830;Я;Я4;Я4неурег;Элегия;Славянин;NA;1830;Ч. 13;№ 3;210-211;per;NA;Я;4;неурег;nc;core
374;Сиянов;Сиянов П.Г.;Элегия;Недолго счастие и радость;1830;Я;Я4;Я4жмжм;NA;Славянин;NA;1830;Ч. 14;№ 10;777;per;NA;Я;4;жмжм;nc;core
375;П. М...;[П.М…];Элегия;Давно ли сердцем и душой;1829;Я;Я4;Я4мжмж;NA;Бабочка;NA;1829;NA;№ 84;334-335;per;NA;Я;4;мжмж;nc;core
376;13.;[13];Элегия;Как сладостно в кругу родных;1829;Я;Я4;Я4мжмж;NA;Бабочка;NA;1829;NA;№ 87;347;per;NA;Я;4;мжмж;nc;core
377;П. М...вич;[П. М…вич];Моей элегии;Зачем таиться от меня;1830;Я;Я4;Я4мжмж;NA;Бабочка;NA;1830;NA;№ 24;95;per;NA;Я;4;мжмж;nc;core
378;Н. С.;Станкевич Н.В.;Элегия;Когда на западе горит;1830;Я;Я4343443443;Я4343443443м;NA;Бабочка;NA;1830;NA;№ 45;179-180;per;NA;Я;4343443443;м;canon;core
379;П. М...вич;[П. М…вич];Моей элегии;Ужель под розою прелестной;1830;Я;Я4;Я4жмжм;На вопрос: часто ли я танцую?;Бабочка;NA;1830;NA;№ 90;359;per;NA;Я;4;жмжм;nc;core
380;С-в;Сиянов П.Г.(?);Элегия;Напрасно разносчик ты в окна глядишь;1830;Полиметр;Полиметр;Амф43 + ЯВмжмж;NA;Северный Меркурий;NA;1830;Т. 1;№ 60;240;per;NA;Полиметр;NA;Амф43 + ЯВмжмж;nc;core
381;Я. Д-в;Драгоманов Я.А.;Родные могилы;Далеко вижу я с вершины той горы;1830;Я;ЯВ;ЯВнеурег;Элегия;Северный Меркурий;NA;1830;Т. 2;№ 122;174-175;per;NA;Я;В;неурег;nc;core
382;А. Суходольский;Суходольский А.;Элегия;Вчерашний день был день разлуки;1830;Я;Я4;Я4неурег;NA;Северный Меркурий;NA;1830;Т. 2;№ 135;226;per;NA;Я;4;неурег;nc;core
383;Ф. Алексеев;Алексеев Ф.А.;Элегия;Где мутная волна дремотной Шевороны;1825;Я;Я6;Я6неурег;NA;МТ;NA;1825;Ч. 1;№ 1;52;per;NA;Я;6;неурег;nc;core
386;Н. Греков;Греков Н.П.;Вечер;Нисходит вечер с тишиной;1825;Я;Я4;Я4мжжм;Из Ламартина;МТ;NA;1825;Ч. 6;№ 22;161-163;per;NA;Я;4;мжжм;nc;core
387;А. Пушкин;Пушкин А.С.;Элегия;Люблю ваш сумрак неизвестный;1826;Я;Я4;Я4жмжм;NA;МТ;NA;1826;Ч. 7. Отд. 2;№ 1;5-6;per;NA;Я;4;жмжм;canon;core
389;1.. 3...;Волков А.А.;Элегия;Где дни счастливых обольщений;1826;Я;Я4;Я4неурег;NA;МТ;NA;1826;Ч. 8. Отд. 2;№ 6;46-47;per;NA;Я;4;неурег;nc;core
390;В. Астафьев;Астафьев В. И.;Элегия;Зачем неверные мечты;1826;Я;Я4;Я4мжмж;NA;МТ;NA;1826;Ч. 8. Отд. 2;№ 7;86;per;NA;Я;4;мжмж;nc;core
392;Н. Павлов;Павлов Н.Ф.;Элегия;Нет, нет! я не рожден с благословеньем неба;1826;Я;Я65;Я65жмжм;NA;МТ;NA;1826;Ч. 9. Отд. 2;№ 12;153-154;per;NA;Я;65;жмжм;nc;core
393;Ю. Познанский;Познанский Ю.И.;Элегия;Вот роза - милый друг! сорвем ее скорей,;1826;Я;Я6;Я6неурег;К Ал... Из Ламартина;МТ;NA;1826;Ч. 9. Отд. 2;№ 12;156-158;per;NA;Я;6;неурег;nc;core
394;И. Бороздна;Бороздна И.П.;К Цинтии;О, Цинтия! нет, нет, я смерти не страшусь!;1826;Я;Я6;Я6неурег;Проперциева элегия;МТ;NA;1826;Ч. 10. Отд. 2;№ 13;4-5;per;Повторно опубликовано: Опыты в стихах Ивана Бороздны. М. 1828. С. 102-103.;Я;6;неурег;nc;core
395;Алексеев;Алексеев Ф.А.;Элегия;Я нелюбим, ужасный опыт;1830;Я;Я4;Я4жмжм;NA;МТ;NA;1830;Ч. 31;№ 1;45;per;Перепечатано: Венера, или собрание стихотворений разных авторов. М. 1831. С. 150-151;Я;4;жмжм;nc;core
396;И. Пустоцветов;Полевой Н.А.;Разуверение;Она прошла, былая радость;1830;Я;Я4;Я4неурег;Элегия;МТ;NA;1830;Ч. 31;№ 3;48-49;per;NA;Я;4;неурег;nc;core
397;NA;[Без подписи];Очки;Не удивись, что я, с хорошими глазами;1825;Я;ЯВ;ЯВнеурег;Элегия;Мнемозина;М;1825;Ч. 4;NA;153-155;per;NA;Я;В;неурег;nc;core
398;Л.;[Л.];Элегия;И печали, и страданья;1831;Х;Х4;Х4неурег;NA;ЛПРИ;NA;1831;Ч. 1;№ 17;134;per;NA;Х;4;неурег;nc;core
399;С.;[С.];Элегия;Душе, которая стесненна;1831;Я;Я4;Я4неурег;NA;ЛПРИ;NA;1831;Ч. 4;№ 94;743;per;NA;Я;4;неурег;nc;core
400;И. Покровский;[Покровский И.];Элегия;Покойся, в первые минуты жизни краткой;1832;Я;Я6;Я6жммж;У колыбели;ЛПРИ;NA;1832;Ч. 5;№ 11;87-88;per;NA;Я;6;жммж;nc;core
401;Суходольский;Суходольский А.;Элегия;Я помню день, когда она;1832;Я;Я4;Я4неурег;NA;ЛПРИ;NA;1832;Ч. 6;№ 28;223;per;NA;Я;4;неурег;nc;core
403;Петр Никифоров;[Никифоров П.];Элегия;Придет весна - зазеленеют нивы;1833;Я;Я4;Я4неурег;NA;ЛПРИ;NA;1833;Ч. 10;№ 38;303;per;NA;Я;4;неурег;nc;core
405;Н. Ставелов;Ставелов Н.;Элегия;Скажи мне: ты ли говорила;1833;Я;ЯВ;ЯВнеурег;NA;ЛПРИ;NA;1833;Ч. 11;№ 57;452;per;NA;Я;В;неурег;nc;core
406;Н. Ставелов;Ставелов Н.;Элегия;Не думай ты, что я пленился;1833;Я;Я4;Я4неурег;NA;ЛПРИ;NA;1833;Ч. 11;№ 66;557;per;NA;Я;4;неурег;nc;core
407;Н. Ставелов;Ставелов Н.;Элегия;Ты говоришь, что я преследую тебя;1833;Я;ЯВ;ЯВнеурег;NA;ЛПРИ;NA;1833;Ч. 12;№ 87;695-696;per;NA;Я;В;неурег;nc;core
408;Н. Ставелов;Ставелов Н.;Элегия;Ты никогда меня, Алина, не любила;1833;Я;ЯВ;ЯВнеурег;NA;ЛПРИ;NA;1833;Ч. 12;№ 103;823;per;NA;Я;В;неурег;nc;core
409;В. Туманский;Туманский В.И.;Элегия;Не ведает мудрец надменный;1827;Я;Я4;Я4жмжм;1825.;МВ;NA;1827;Ч. 4;№ 15;227-228;per;Перепечатано: ЛПРИ. 1834. Ч. 13;Я;4;жмжм;canon;core
410;N. N.;[N.N.];Элегия;Я знал восторгов наслажденья;1834;Я;Я4;Я4жммж;NA;ЛПРИ;NA;1834;Ч. 13;№ 20;159;per;NA;Я;4;жммж;nc;core
411;В. Гл-в;[В. Гл-в];Элегия;Нельзя воскреснуть к жизни новой;1834;Я;Я4;Я4неурег;NA;ЛПРИ;NA;1834;Ч. 13;№ 26;207;per;NA;Я;4;неурег;nc;core
412;Н. Ставелов;Ставелов Н.;Элегия;Светлое, ясное небо!;1834;Д;ДВ;ДВнеурег;NA;ЛПРИ;NA;1834;Ч. 14;№ 33-34;270;per;NA;Д;В;неурег;nc;core
413;Н. Ставелов;Ставелов Н.;Элегия;Не изъявляй холодного участья;1834;Я;ЯВ;ЯВнеурег;NA;ЛПРИ;NA;1834;Ч. 14;№ 37;295;per;NA;Я;В;неурег;nc;core
414;Н. Ставелов;Ставелов Н.;Элегия;Коварно так обманутый тобою;1834;Я;Я5;Я5мжмж;NA;ЛПРИ;NA;1834;Ч. 14;№ 40;315-316;per;NA;Я;5;мжмж;nc;core
415;Павел Хотяинцов;Хотяинцев П.;Умирающий поэт;Поэт пел песнь свою предсмертную - и верной;1834;Я;Я6;Я6неурег;Из Мильвуа;ЛПРИ;NA;1834;Ч. 14;№ 42;331;per;NA;Я;6;неурег;nc;core
416;Н. Ставелов;Ставелов Н.;Элегия;Уже холодный вихрь все листь разметал;1834;Я;ЯВ;ЯВнеурег;NA;ЛПРИ;NA;1834;Ч. 14;№ 43;343-344;per;NA;Я;В;неурег;nc;core
417;Н. Ставелов;Ставелов Н.;Элегия;О вы, долины сокровенные;1834;Я;Я4;Я4дмдм;NA;ЛПРИ;NA;1834;Ч. 14;№ 48;383-384;per;NA;Я;4;дмдм;nc;core
418;Н. Ставелов;Ставелов Н.;Элегия;Прими последнее прощанье;1834;Я;ЯВ;ЯВнеурег;NA;ЛПРИ;NA;1834;Ч. 15;№ 55;436;per;NA;Я;В;неурег;nc;core
419;Н. Ставелов;Ставелов Н.;Элегия;Я был везде - я все узнал;1834;Я;Я4;Я4неурег;NA;ЛПРИ;NA;1834;Ч. 15;№ 65;520;per;NA;Я;4;неурег;nc;core
420;А. Хомяков;Хомяков А.С.;Элегия на В.К.;Я знаю, в гроб его сокрыли;1827;Я;Я4;Я4жмжм;NA;МВ;NA;1827;Ч. 4;№ 13;11;per;NA;Я;4;жмжм;canon;core
421;Н. Ставелов;Ставелов Н.;Элегия;Сошел седой туман на сонные равнины;1835;Я;Я6;Я6жмжм;NA;ЛПРИ;NA;1835;Ч. 18;№ 28-29;229-230;per;NA;Я;6;жмжм;nc;core
422;Подражаев;Аксаков С.Т.;Элегия в новом вкусе;Молчит угрюмый бор... луч солнца догорает;1821;Я;ЯВ;ЯВнеурег;NA;ВЕ;NA;1821;Ч. 118;№ 9;15-17;per;NA;Я;В;неурег;nc;core
423;Норов;Норов А.С.;Юный страдалец;Державный Аполлон! бог дивных исцелений!;1821;Я;Я6;Я6жжмм;Элегия в древнем вкусе;ВЕ;NA;1821;Ч. 118;№ 10;93-98;per;NA;Я;6;жжмм;nc;core
424;Гл.б.в;Глебов Д.П.;Странствующий Гомер;О Кумы славные, Юноне град бесценный;1821;Я;Я6;Я6жжмм;Элегия в древнем вкусе;ВЕ;NA;1821;Ч. 120;№ 17;21-27;per;Повторно опубликовано: Глебов Д. Элегии и другие стихотворения. М., 1827. С. 73-79.;Я;6;жжмм;nc;core
425;И. Бороздна;Бороздна И.П.;Умирающий Виргилий;В убогой хижине, один среди чужбины;1826;Я;Я6;Я6неурег;Элегия из Мильвуа;ВЕ;NA;1826;Март и апрель;№ 6;99-102;per;Повторно опубликовано: Опыты в стихах Ивана Бороздны. М. 1828. С. 93-95.;Я;6;неурег;canon;core
426;И. Бороздна;Бороздна И.П.;Умирающий христианин;Что слышу? Прозвучал священной меди звон!;1827;Я;Я666664;Я666664ммжммж;Из Ламартина;ВЕ;NA;1827;Март и апрель;№ 7;209-210;per;NA;Я;666664;ммжммж;canon;core
428;А. Д.;[А. Д.];Воспоминание;Вотще уходит день за днем;1825;Я;Я4;Я4мжжм;Из Ламартина;ВЕ;NA;1825;Ноябрь и Декабрь;№ 21;3-6;per;NA;Я;4;мжжм;nc;core
429;П.;Полежаев А.И.;NA;Когда задумчивый, унылый;1826;Я;Я4;Я4жмжм;Из Ламартина;ВЕ;NA;1826;Июль и август;№ 15;204-206;per;Повторно опубликовано: Полежаев А. Стихотворения. М. 1832. С. 78-80;Я;4;жмжм;canon;core
430;П.;Полежаев А.И.;Юность;О други! сорвемте румяные розы;1826;Амф;Амф4;Амф4жмжм;Из Ламартина;ВЕ;NA;1826;Июль и август;№ 15;206-207;per;NA;Амф;4;жмжм;nc;core
431;Н.Н.;Надеждин Н.И.;Элегия;О как ты нас неспешно навещаешь;1829;Я;Я5;Я5жмжм;С французского;ВЕ;NA;1829;Июль и август;№ 16;290-291;per;NA;Я;5;жмжм;nc;core
432;А.;[А.];Элегия;Люблю я мрачные картины;1830;Я;Я4;Я4неурег;NA;ВЕ;NA;1830;Май и июнь;№ 10;97;per;NA;Я;4;неурег;nc;core
433;NA;[Без подписи];Элегия;Сокройтесь от меня вы, шумные забавы;1821;Я;Я6;Я6неурег;Подражание Шолье;ВЕ;NA;1821;Ч. 119;№ 13;68;per;NA;Я;6;неурег;nc;core
434;NA;Одоевский А.И.;Элегия;Где он? где друг? кого спросить?;1830;Я;Я4;Я4неурег;На смерть А. С. Грибоедова;Литературная газета;NA;1830;Т. 1;№ 19;149-150;per;NA;Я;4;неурег;canon;core
435;Барон Розен;Розен Е.Ф.;Элегия;Она прелестна для меня;1830;Я;Я4;Я4неурег;NA;Литературная газета;NA;1830;Т. 2;№ 41;36;per;Перепечатано: Венера, или собрание стихотворений разных авторов. М. 1831. С. 91-92;Я;4;неурег;nc;core
436;NA;[Без подписи];Элегия;Я жизнь любил, когда полна;1830;Я;Я4;Я4неурег;NA;Литературная газета;NA;1830;Т. 2;№ 50;110;per;NA;Я;4;неурег;nc;core
437;NA;Одоевский А.И.;Пленник;Что вы печальны, дети снов;1830;Я;Я4;Я4неурег;NA;Литературная газета;NA;1830;Т. 2;№ 52;127-128;per;NA;Я;4;неурег;canon;core
438;Барон Розен;Розен Е.Ф.;Элегия;Давно ли я желал лаврового венца;1830;Я;ЯВ;ЯВнеурег;NA;Литературная газета;NA;1831;Т. 3;№ 33;267;per;NA;Я;В;неурег;nc;core
439;Ермолаев;[Ермолаев];Вечер;Сокрылось дневное светило;1825;Я;Я4;Я4жмжм;Перевод из Ла-Мартина;Северная пчела;NA;1825;NA;№ 106;4;per;NA;Я;4;жмжм;nc;core
440;NA;[Без подписи];Вдохновительность ночи;Как сладко на коврах ленивых;1828;Я;Я4;Я4жмжм;Элегия;Атеней;NA;1828;Ч. 1;№ 1;93;per;NA;Я;4;жмжм;nc;core
441;Волков;Волков А.А.;Одиночество;Как часто на горе, под сению дубов;1824;Я;Я6664;Я6664мжмж;Из Ламартина;Мнемозина;М;1824;Ч. 2;NA;140-142;alm;NA;Я;6664;мжмж;nc;core
442;Т.;Туманский В.И.;Элегия;На скалы, на холмы глядеть без нагляденья;1825;Я;Я6;Я6жжмм;NA;Северные цветы на 1825 год;М;1881;NA;NA;289;alm;NA;Я;6;жжмм;nc;core
443;Ф. Туманский;Туманский Ф.А.;Элегия;Когда на зов души унылой;1826;Я;Я4;Я4жмжм;NA;Северные цветы на 1826 год.;СПб;1826;NA;NA;25-26;alm;Перепечатано: ЛПРИ. 1833. Ч. 10. № 43. С. 340-341;Я;4;жмжм;nc;core
444;Ф. Туманский;Туманский Ф.А.;Элегия;Невидимо толпятся годы;1826;Я;Я4;Я4жмжм;NA;Северные цветы на 1826 год.;СПб;1826;NA;NA;123-124;alm;NA;Я;4;жмжм;nc;core
445;М. Яковлев;Яковлев М.А.;Элегия;Желанье сердца не свершилось;1826;Я;Я4;Я4жмжм;NA;Северные цветы на 1826 год.;СПб;1826;NA;NA;128-129;alm;NA;Я;4;жмжм;nc;core
446;Илличевский;Илличевский А.Д.;Сельская сирота;Покинув плен тяжелый сна;1827;Я;ЯВ;ЯВнеурег;Элегия Суме;Северные цветы на 1827 год;СПб;1827;NA;NA;257-259;alm;NA;Я;В;неурег;nc;core
447;В. Шемиот;Шемиот В.П.;Элегия;Скажи, зачем меня ласкает;1827;Я;Я4;Я4неурег;Из Парни;Северные цветы на 1827 год;СПб;1827;NA;NA;290-291;alm;NA;Я;4;неурег;nc;core
448;1...8...;[1…8…];Одиночество;Я часто на горе, дубами осененной;1827;Я;Я6;Я6жмжм;Из Ламартина;Северные цветы на 1827 год;СПб;1827;NA;NA;318-320;alm;NA;Я;6;жмжм;nc;core
449;К. Батюшков;Батюшков К.Н.;Элегия;Есть наслаждение и в дикости лесов;1827;Я;Я64;Я64мжмж;NA;Северные цветы на 1828 год;СПб;1827;NA;NA;23;alm;NA;Я;64;мжмж;nc;core
450;А. Пушкин;Пушкин А.С.;Элегия;Под небом голубым страны своей родной;1827;Я;Я64;Я64мжмж;NA;Северные цветы на 1828 год;СПб;1827;NA;NA;51;alm;NA;Я;64;мжмж;canon;core
451;Катенин;Катенин П.А.;Элегия;Фив и музы! нет вам жестокостью равных;1829;Гк;Гк;Гк;NA;Северные цветы на 1830 год;СПб;1829;NA;NA;11-20;alm;NA;Гк;NA;NA;nc;core
452;NA;Ободовский П.Г.;Эрминия;Я счастье знал, тебя, Эрминия, не зная;1829;Я;ЯВ;ЯВнеурег;Сельская элегия;Северные цветы на 1830 год;СПб;1829;NA;NA;21-22;alm;NA;Я;В;неурег;nc;core
453;NA;[Без подписи];Элегия;Довольно! вижу: от меня;1829;Я;Я4;Я4неурег;NA;Северные цветы на 1830 год;СПб;1829;NA;NA;77;alm;NA;Я;4;неурег;nc;core
454;Н. Языков;Языков Н.М.;Элегия;Я отыщу тот крест смиренный;1830;Я;Я4;Я4неурег;NA;Северные цветы на 1831 год;СПб;1830;NA;NA;53-56;alm;NA;Я;4;неурег;nc;core
455;Ш-б-в;[Ш-б-в];Элегия;Недолго теплый ветер лета;1830;Я;Я4;Я4неурег;NA;Северные цветы на 1831 год;СПб;1830;NA;NA;97-99;alm;NA;Я;4;неурег;nc;core
456;NA;Деларю М. ;Элегия;Недолго, с тишиной сердечной;1831;Я;Я4;Я4неурег;NA;Северные цветы на 1832 год;СПб;1831;NA;NA;155-157;alm;NA;Я;4;неурег;nc;core
457;В. Тепляков;Тепляков В. Г.;Первая фракийская элегия. Отплытие;"Визжит канат; из бездн зыбучих";1830;Я;Полиметр;Я4неурег + ЯВ;NA;Северные цветы на 1831 год;СПб;1830;NA;NA;7-11;alm;NA;Я;4;неурег;canon;core
458;Плетнев;Плетнев П.А.;Элегия;Богиня, льющая из урны;1822;Я;Я4;Я4неурег;NA;Полярная звезда на 1823 год;М. - Л;1960 (Литературные памятники);NA;NA;57-58;alm;NA;Я;4;неурег;nc;core
459;Давыдов;Давыдов Д.В.;Элегия;О милый друг! оставь угадывать других;1822;Я;Я3;Я3неурег;NA;Полярная звезда на 1823 год;М. - Л;1960 (Литературные памятники);NA;NA;71-72;alm;Повторно опубликовано: Стихотворения Дениса Давыдова. М., 1832. С. 5-6;Я;3;неурег;nc;core
460;Гнедич;Гнедич Н.И.;Тарентинская дева;Стенайте, алкионы!;1822;Я;ЯВ;ЯВнеурег;Элегия;Полярная звезда на 1823 год;М. - Л;1960 (Литературные памятники);NA;NA;110-111;alm;NA;Я;В;неурег;nc;core
461;Барон Дельвиг;Дельвиг А.А.;На смерть ***;Я знал ее: она была душою;1822;Я;ЯВ;ЯВнеурег;Сельская элегия;Полярная звезда на 1823 год;М. - Л;1960 (Литературные памятники);NA;NA;153;alm;NA;Я;В;неурег;nc;core
462;Давыдов;Давыдов Д.В.;Элегия;Нет! полно пробегать с улыбкою любви;1822;Я;ЯВ;ЯВнеурег;NA;Полярная звезда на 1823 год;М. - Л;1960 (Литературные памятники);NA;NA;228-229;alm;Повторно опубликовано: Стихотворения Дениса Давыдова. М., 1832. С. 9-11;Я;В;неурег;canon;core
463;Загорский;Загорский М.П.;Элегия;О, дни любви и сладких обольщений!;1823;Я;Я5;Я5жммж;NA;Полярная звезда на 1824 год;М. - Л;1960 (Литературные памятники);NA;NA;304-305;alm;NA;Я;5;жммж;nc;core
464;Норов;Норов А.С.;Прощание Нееры;О нимфы резвые ручьев лесистой Оссы;1823;Я;Я6;Я6жжмм;Элегия в древнем вкусе;Полярная звезда на 1824 год;М. - Л;1960 (Литературные памятники);NA;NA;328-329;alm;NA;Я;6;жжмм;nc;core
465;А. Пушкин;Пушкин А.С.;Элегия;Редеет облаков летучая гряда;1823;Я;Я6;Я6ммжж;NA;Полярная звезда на 1824 год;М. - Л;1960 (Литературные памятники);NA;NA;393;alm;NA;Я;6;ммжж;canon;core
466;*;Пушкин А.С.;Элегия;Простишь ли мне ревнивые мечты;1823;Я;Я5;Я5неурег;NA;Полярная звезда на 1824 год;М. - Л;1960 (Литературные памятники);NA;NA;469-470;alm;NA;Я;5;неурег;canon;core
467;Т-ий;Туманский В.И.;Элегия;Не озабочен жизнью я;1825;Я;Я4;Я4мжжм;NA;Полярная звезда на 1825 год;М. - Л;1960 (Литературные памятники);NA;NA;579;alm;Перепечатано: ЛПРИ. 1833. Ч. 9. № 10. С. 79;Я;4;мжжм;canon;core
468;NA;Батюшков К.Н.;Надежда;Мой дух! доверенность к творцу!;1817;Я;Я4;Я4мжмж;NA;Батюшков К.Н. Опыты в стихах и прозе. Ч. 2.;СПб;1817;NA;NA;9-10;col;NA;Я;4;мжмж;nc;core
469;NA;Батюшков К.Н.;На развалинах замка в Швеции;Уже светило дня на западе горит;1817;Я;Я64646663;Я64646663мжмжмжжм;NA;Батюшков К.Н. Опыты в стихах и прозе. Ч. 2.;СПб;1817;NA;NA;11-18;col;NA;Я;64646663;мжмжмжжм;canon;core
471;NA;Батюшков К.Н.;Воспоминание;Мечты! повсюду вы меня сопровождали;1817;Я;ЯВ;ЯВнеурег;NA;Батюшков К.Н. Опыты в стихах и прозе. Ч. 2.;СПб;1817;NA;NA;27-29;col;NA;Я;В;неурег;canon;core
472;NA;Батюшков К.Н.;Воспоминания;Я чувствую, мой дар в поэзии погас;1817;Я;ЯВ;ЯВнеурег;Отрывок;Батюшков К.Н. Опыты в стихах и прозе. Ч. 2.;СПб;1817;NA;NA;30-32;col;NA;Я;В;неурег;nc;core
473;NA;Батюшков К.Н.;Выздоровление;Как ландыш под серпом убийственным жнеца;1817;Я;Я64;Я64мжмж;NA;Батюшков К.Н. Опыты в стихах и прозе. Ч. 2.;СПб;1817;NA;NA;33-34;col;NA;Я;64;мжмж;canon;core
475;NA;Батюшков К.Н.;Привидение;Посмотрите! в двадцать лет;1817;Х;Х4;Х4неурег;Из Парни;Батюшков К.Н. Опыты в стихах и прозе. Ч. 2.;СПб;1817;NA;NA;39-42;col;NA;Х;4;неурег;nc;core
476;NA;Батюшков К.Н.;Тибуллова элегия III;Напрасно осыпал я жертвенник цветами;1817;Я;Я6;Я6жжмм;Из III книги;Батюшков К.Н. Опыты в стихах и прозе. Ч. 2.;СПб;1817;NA;NA;43-45;col;NA;Я;6;жжмм;nc;core
477;NA;Батюшков К.Н.;Мой гений;О память сердца! ты сильней;1817;Я;Я4;Я4неурег;NA;Батюшков К.Н. Опыты в стихах и прозе. Ч. 2.;СПб;1817;NA;NA;46;col;NA;Я;4;неурег;canon;core
478;NA;Батюшков К.Н.;Дружество;Блажен, кто друга здесь по сердцу обретает;1817;Я;Я6;Я6неурег;NA;Батюшков К.Н. Опыты в стихах и прозе. Ч. 2.;СПб;1817;NA;NA;47;col;NA;Я;6;неурег;nc;core
479;NA;Батюшков К.Н.;Тень друга;Я берег покидал туманный Альбиона;1817;Я;Я6;Я6неурег;NA;Батюшков К.Н. Опыты в стихах и прозе. Ч. 2.;СПб;1817;NA;NA;48-51;col;NA;Я;6;неурег;canon;core
480;NA;Батюшков К.Н.;Тибуллова элегия IX из I книги;Кто первый изострил железный меч и стрелы?;1817;Я;Я6;Я6жжмм;NA;Батюшков К.Н. Опыты в стихах и прозе. Ч. 2.;СПб;1817;NA;NA;52-58;col;NA;Я;6;жжмм;nc;core
481;NA;Батюшков К.Н.;Веселый час ;Вы, други, вы опять со мною;1817;Полиметр;Полиметр;Я4неурег + Х4неурег;NA;Батюшков К.Н. Опыты в стихах и прозе. Ч. 2.;СПб;1817;NA;NA;59-63;col;NA;Полиметр;NA;NA;nc;core
482;NA;Батюшков К.Н.;В день рождения N.;О ты, которая была;1817;Я;ЯВ;ЯВнеурег;NA;Батюшков К.Н. Опыты в стихах и прозе. Ч. 2.;СПб;1817;NA;NA;64;col;NA;Я;В;неурег;nc;core
483;NA;Батюшков К.Н.;Пробуждение;Зефир последний свеял сон;1817;Я;Я4;Я4неурег;NA;Батюшков К.Н. Опыты в стихах и прозе. Ч. 2.;СПб;1817;NA;NA;65;col;NA;Я;4;неурег;nc;core
484;NA;Батюшков К.Н.;Разлука;Напрасно покидал страну моих отцов;1817;Я;ЯВ;ЯВнеурег;NA;Батюшков К.Н. Опыты в стихах и прозе. Ч. 2.;СПб;1817;NA;NA;66-67;col;NA;Я;В;неурег;canon;core
485;NA;Батюшков К.Н.;Таврида;Друг милый, ангел мой! сокроемся туда;1817;Я;ЯВ;ЯВнеурег;NA;Батюшков К.Н. Опыты в стихах и прозе. Ч. 2.;СПб;1817;NA;NA;68-70;col;NA;Я;В;неурег;canon;core
486;NA;Батюшков К.Н.;Судьба Одиссея;Средь ужасов земли и ужасов морей;1817;Я;ЯВ;ЯВнеурег;NA;Батюшков К.Н. Опыты в стихах и прозе. Ч. 2.;СПб;1817;NA;NA;71;col;NA;Я;В;неурег;nc;core
487;NA;Батюшков К.Н.;Последняя весна;В полях блистает май веселый;1817;Я;Я4;Я4жмжм;NA;Батюшков К.Н. Опыты в стихах и прозе. Ч. 2.;СПб;1817;NA;NA;72-74;col;NA;Я;4;жмжм;canon;core
488;NA;Батюшков К.Н.;К Г***чу;Только дружба обещает;1817;Х;Х4;Х4неурег;NA;Батюшков К.Н. Опыты в стихах и прозе. Ч. 2.;СПб;1817;NA;NA;75-76;col;NA;Х;4;неурег;nc;core
489;NA;Батюшков К.Н.;К Д***ву;Мой друг! я видел море зла;1817;Я;Я4;Я4неурег;NA;Батюшков К.Н. Опыты в стихах и прозе. Ч. 2.;СПб;1817;NA;NA;77-80;col;NA;Я;4;неурег;canon;core
490;NA;Батюшков К.Н.;Источник;Буря умолкла, и в ясной лазури;1817;Д;Д4;Д4жмжм;NA;Батюшков К.Н. Опыты в стихах и прозе. Ч. 2.;СПб;1817;NA;NA;81-83;col;NA;Д;4;жмжм;canon;core
491;NA;Батюшков К.Н.;На смерть супруги Ф.Ф. К-на;Нет подруги нежной, нет прелестной Лилы!;1817;Х;Х63;Х63жмжм;NA;Батюшков К.Н. Опыты в стихах и прозе. Ч. 2.;СПб;1817;NA;NA;84-85;col;NA;Х;63;жмжм;nc;core
492;NA;Батюшков К.Н.;Пленный;В местах, где Рона протекает;1817;Я;Я43;Я43жмжм;NA;Батюшков К.Н. Опыты в стихах и прозе. Ч. 2.;СПб;1817;NA;NA;86-90;col;NA;Я;43;жмжм;nc;core
493;NA;Батюшков К.Н.;Гесиод и Омир, соперники;Народы, как волны, в Халкиду текли;1817;Полиметр;Полиметр;Амф43мж + Я6 (?);Посвящено А.Н.О. любителю древности;Батюшков К.Н. Опыты в стихах и прозе. Ч. 2.;СПб;1817;NA;NA;93-100;col;NA;Полиметр;NA;NA;nc;core
494;NA;Батюшков К.Н.;К другу;Скажи, мудрец младой, что прочно на земле;1817;Я;Я64;Я64мжмж;NA;Батюшков К.Н. Опыты в стихах и прозе. Ч. 2.;СПб;1817;NA;NA;101-105;col;NA;Я;64;мжмж;canon;core
495;NA;Батюшков К.Н.;Мечта;Подруга нежных Муз, посланница небес;1817;Я;ЯВ;ЯВнеурег;NA;Батюшков К.Н. Опыты в стихах и прозе. Ч. 2.;СПб;1817;NA;NA;106-118;col;NA;Я;В;неурег;canon;core
496;NA;Батюшков К.Н.;Умирающий Тасс;Какое торжество готовит древний Рим?;1817;Я;Я65;Я65мжмж;NA;Батюшков К.Н. Опыты в стихах и прозе. Ч. 2.;СПб;1817;NA;NA;245-253;col;NA;Я;65;мжмж;canon;core
497;Д. Веневитинов;Веневитинов Д. В.;Поэт и друг;Ты в жизни только расцветаешь;1827;Я;Я4;Я4неурег;Элегия;МВ;NA;1827;Ч. 2;№ 7;217-220;per;NA;Я;4;неурег;canon;core
498;NA;Пушкин А.С.;Пробуждение;Мечты, мечты;1816;Я;Я2;Я2неурег;NA;Пушкин А.С. Стихотворения;СПб;1826;NA;NA;3-4;col;Перепечатано: Венера, или собрание стихотворений разных авторов. М. 1831. С. 145-146;Я;2;неурег;canon;core
499;NA;Пушкин А.С.;Мечтателю;Ты в страсти горестной находишь наслажденье;1818;Я;ЯВ;ЯВнеурег;NA;Пушкин А.С. Стихотворения;СПб;1826;NA;NA;5-6;col;NA;Я;В;неурег;canon;core
501;NA;Пушкин А.С.;NA;Мой друг, забыты мной следы;1821;Я;Я6;Я6неурег;NA;Пушкин А.С. Стихотворения;СПб;1826;NA;NA;8;col;NA;Я;6;неурег;canon;core
502;NA;Пушкин А.С.;Друзьям;Богами вам еще даны;1816;Я;Я4;Я4неурег;NA;Пушкин А.С. Стихотворения;СПб;1826;NA;NA;9;col;NA;Я;4;неурег;canon;core
503;NA;Пушкин А.С.;Выздоровление;Тебя ль я видел, милый друг;1818;Я;ЯВ;ЯВнеурег;NA;Пушкин А.С. Стихотворения;СПб;1826;NA;NA;10-11;col;NA;Я;В;неурег;canon;core
504;NA;Пушкин А.С.;Война;Война!.. подъяты наконец;1821;Я;ЯВ;ЯВнеурег;NA;Пушкин А.С. Стихотворения;СПб;1826;NA;NA;12-13;col;NA;Я;В;неурег;canon;core
506;NA;Пушкин А.С.;NA;Умолкну скоро я;1821;Я;Я6;Я6неурег;NA;Пушкин А.С. Стихотворения;СПб;1826;NA;NA;15;col;NA;Я;6;неурег;canon;core
507;NA;Пушкин А.С.;Гроб юноши;...Сокрылся он;1821;Я;Я4;Я4неурег;NA;Пушкин А.С. Стихотворения;СПб;1826;NA;NA;16-18;col;NA;Я;4;неурег;canon;core
509;NA;Пушкин А.С.;NA;Ты вянешь и молчишь;1824;Я;Я6;Я6жжмм;Подражание Ан. Шенье;Пушкин А.С. Стихотворения;СПб;1826;NA;NA;21;col;NA;Я;6;жжмм;canon;core
511;NA;Пушкин А.С.;Сожженное письмо;Прощай, письмо любви, прощай! она велела;1825;Я;Я6;Я6жжмм;NA;Пушкин А.С. Стихотворения;СПб;1826;NA;NA;24;col;NA;Я;6;жжмм;nc;core
512;NA;Пушкин А.С.;NA;Ненастный день потух;1824;Я;ЯВ;ЯВнеурег;Отрывок;Пушкин А.С. Стихотворения;СПб;1826;NA;NA;25-26;col;NA;Я;В;неурег;canon;core
514;NA;Пушкин А.С.;Андрей Шенье;Меж тем, как изумленный мир;1825;Я;ЯВ;ЯВнеурег;Посвящено Н.Н. Раевскому;Пушкин А.С. Стихотворения;СПб;1826;NA;NA;29-35;col;NA;Я;В;неурег;canon;core
515;NA;Пушкин А.С.;Элегия;Безумных лет угасшее веселье;1830;Я;Я5;Я5жжмм;NA;Пушкин А.С. Стихотворения;СПб;1835;Ч. 4;NA;104;col;NA;Я;5;жжмм;canon;core
516;Е. Баратынский;Баратынский Е.А.;Элегия;В дни безграничных увлечений;1832;Я;Я4;Я4жмжм;NA;Европеец;NA;1832;NA;№ 1;52;per;NA;Я;4;жмжм;nc;core
517;Е. Баратынский;Баратынский Е.А.;Запустение. Элегия;Я посетил тебя, пленительная сень;1833;Я;ЯВ;ЯВнеурег;NA;БдЧ;NA;1835;NA;Т. VIII;19;per;NA;Я;В;неурег;nc;core
518;NA;Баратынский Е.А;Финляндия;Громады вечных скал, гранитные пустыни;1827;Я;ЯВ;ЯВнеурег;NA;Баратынский Е. Стихотворения;М;1827;NA;NA;9-12;col;NA;Я;В;неурег;nc;core
519;NA;Баратынский Е.А;Водопад;Шуми, шуми с крутой вершины;1827;Я;Я4;Я4жммж;NA;Баратынский Е. Стихотворения;М;1827;NA;NA;13-14;col;NA;Я;4;жммж;nc;core
520;NA;Баратынский Е.А;Истина;О счастии с младенчества тоскуя;1823;Я;Я53;Я53жмжм;NA;Баратынский Е. Стихотворения;М;1827;NA;NA;15-17;col;NA;Я;53;жмжм;canon;core
521;NA;Баратынский Е.А;Череп;Усопший брат, кто сон твой возмутил;1827;Я;Я5;Я5мжмж;NA;Баратынский Е. Стихотворения;М;1827;NA;NA;18-19;col;NA;Я;5;мжмж;canon;core
522;NA;Баратынский Е.А;Рим;Ты был ли, гордый Рим, земли самовластитель;1823;Я;ЯВ;ЯВнеурег;NA;Баратынский Е. Стихотворения;М;1827;NA;NA;20;col;NA;Я;В;неурег;canon;core
524;NA;Баратынский Е.А;Две доли;Дало две доли провиденье;1823;Я;Я4;Я4дмдм;NA;Баратынский Е. Стихотворения;М;1827;NA;NA;24-25;col;NA;Я;4;дмдм;canon;core
525;NA;Баратынский Е.А;Буря;Завыла буря, хлябь морская;1824;Я;ЯВ;ЯВнеурег;NA;Баратынский Е. Стихотворения;М;1827;NA;NA;26-28;col;NA;Я;В;неурег;canon;core
526;NA;Баратынский Е.А;Разлука;"Расстались мы; на миг очарованьем";1827;Я;Я5;Я5неурег;NA;Баратынский Е. Стихотворения;М;1827;NA;NA;31;col;NA;Я;5;неурег;canon;core
527;NA;Баратынский Е.А;В альбом;Тебе на память в книге сей;1827;Я;Я4;Я4неурег;NA;Баратынский Е. Стихотворения;М;1827;NA;NA;32-33;col;NA;Я;4;неурег;canon;core
528;NA;Баратынский Е.А;Лета;Душ холодных упованье;1823;Х;Х4;Х4жмжм;NA;Баратынский Е. Стихотворения;М;1827;NA;NA;34;col;NA;Х;4;жмжм;nc;core
529;NA;Баратынский Е.А;Ропот;Он близок, близок день свиданья;1827;Я;Я4;Я4неурег;NA;Баратынский Е. Стихотворения;М;1827;NA;NA;35;col;NA;Я;4;неурег;canon;core
530;NA;Баратынский Е.А;Уныние;Рассеивает грусть веселый шум пиров;1827;Я;Я64;Я64мжмж;NA;Баратынский Е. Стихотворения;М;1827;NA;NA;36;col;NA;Я;64;мжмж;nc;core
531;NA;Баратынский Е.А;Размолвка;Мне о любви твердила ты шутя;1827;Я;Я5;Я5мжмж;NA;Баратынский Е. Стихотворения;М;1827;NA;NA;37;col;NA;Я;5;мжмж;nc;core
532;NA;Баратынский Е.А;Бдение;Один, и пасмурный душою;1827;Я;Я43;Я43жм;NA;Баратынский Е. Стихотворения;М;1827;NA;NA;38-39;col;NA;Я;43;жм;nc;core
534;NA;Баратынский Е.А;Падение листьев;Желтел печально злак полей;1827;Я;Я4;Я4неурег;NA;Баратынский Е. Стихотворения;М;1827;NA;NA;41-43;col;NA;Я;4;неурег;canon;core
535;NA;Баратынский Е.А;Отъезд;Прощай, отчизна непогоды;1827;Я;Я43;Я43жмжм;NA;Баратынский Е. Стихотворения;М;1827;NA;NA;44-45;col;NA;Я;43;жмжм;canon;core
536;NA;Баратынский Е.А;Утешение;Свободу дав тоске моей;1827;Я;Я4;Я4неурег;Подражание Лафару;Баратынский Е. Стихотворения;М;1827;NA;NA;49-50;col;NA;Я;4;неурег;nc;core
537;NA;Баратынский Е.А;Поцелуй;Сей поцелуй, дарованный тобой;1827;Я;Я5;Я5мжмж;NA;Баратынский Е. Стихотворения;М;1827;NA;NA;51;col;NA;Я;5;мжмж;nc;core
538;NA;Баратынский Е.А;Элизийские поля;Бежит неверное здоровье;1827;Я;Я4;Я4неурег;NA;Баратынский Е. Стихотворения;М;1827;NA;NA;52-54;col;NA;Я;4;неурег;canon;core
539;NA;Баратынский Е.А;Делии;Зачем, о Делия! сердца младые ты;1827;Я;Я64;Я64жмжм;NA;Баратынский Е. Стихотворения;М;1827;NA;NA;55-56;col;NA;Я;64;жмжм;canon;core
540;NA;Баратынский Е.А;Оправдание;Решительно, печальных строк моих;1827;Я;Я5;Я5неурег;NA;Баратынский Е. Стихотворения;М;1827;NA;NA;57-58;col;NA;Я;5;неурег;canon;core
541;NA;Баратынский Е.А;Догадка;Любви приметы;1827;Я;Я2;Я2неурег;NA;Баратынский Е. Стихотворения;М;1827;NA;NA;59;col;NA;Я;2;неурег;nc;core
542;NA;Баратынский Е.А;Ожидание;Она придет! к ее устам;1826;Я;Я4;Я4неурег;NA;Баратынский Е. Стихотворения;М;1827;NA;NA;60;col;NA;Я;4;неурег;nc;core
543;NA;Баратынский Е.А;Возвращение;На кровы ближнего селенья;1822;Я;Я4;Я4неурег;NA;Баратынский Е. Стихотворения;М;1827;NA;NA;61;col;NA;Я;4;неурег;nc;core
545;NA;Баратынский Е.А;Л. П-ну;Поверь, мой милый! твой Поэт;1825;Я;ЯВ;ЯВнеурег;NA;Баратынский Е. Стихотворения;М;1827;NA;NA;64-65;col;NA;Я;В;неурег;canon;core
546;NA;Баратынский Е.А;Эпилог;Чувствительны мне дружеские пени;1827;Я;Я5;Я5неурег;NA;Баратынский Е. Стихотворения;М;1827;NA;NA;66;col;NA;Я;5;неурег;nc;core
549;NA;Языков Н.М.;Элегия;Зачем божественной хариты;1824;Я;Я4;Я4неурег;NA;Языков Н. Стихотворения;СПб;1833;NA;NA;35-36;col;NA;Я;4;неурег;canon;core
550;NA;Языков Н.М.;Элегия;Вы не сбылись, надежды милой;1827;Я;Я4;Я4жмжм;NA;Языков Н. Стихотворения;СПб;1833;NA;NA;49-50;col;NA;Я;4;жмжм;canon;core
551;NA;Языков Н.М.;Элегия;Она меня очаровала;1825;Я;Я4;Я4жмжм;NA;Языков Н. Стихотворения;СПб;1833;NA;NA;57-58;col;NA;Я;4;жмжм;nc;core
553;NA;Языков Н.М.;Элегия;Ты восхитительна! ты пышно расцветаешь;1828;Я;Я6;Я6жжмм;NA;Языков Н. Стихотворения;СПб;1833;NA;NA;103-104;col;NA;Я;6;жжмм;nc;core
555;NA;Языков Н.М.;Прощание с элегиями;Прощайте, миленькие бредни;1824;Я;Я4;Я4неурег;NA;Языков Н. Стихотворения;СПб;1833;NA;NA;114;col;NA;Я;4;неурег;canon;core
556;NA;Языков Н.М.;Элегия;Прощай, красавица моя;1824;Я;Я4;Я4неурег;NA;Языков Н. Стихотворения;СПб;1833;NA;NA;139-140;col;NA;Я;4;неурег;nc;core
558;NA;Языков Н.М.;Элегия;Ночь безлунная, звездами;1831;Х;Х4;Х4неурег;NA;Языков Н. Стихотворения;СПб;1833;NA;NA;195-196;col;NA;Х;4;неурег;nc;core
560;NA;Языков Н.М.;Элегия;Поэту радости и хмеля;1825;Я;Я4;Я4жмжм;NA;Языков Н. Стихотворения;СПб;1833;NA;NA;234-235;col;NA;Я;4;жмжм;canon;core
561;NA;Языков Н.М.;Элегия Т.Д.;Блажен, кто мог на ложе ночи;1833;Я;Я4;Я4жмжм;NA;Языков Н. Стихотворения;СПб;1833;NA;NA;242-243;col;NA;Я;4;жмжм;canon;core
564;Баратынский;Баратынский Е.А.;Признание;Притворной нежности не требуй от меня;1823;Я;ЯВ;ЯВнеурег;NA;Полярная звезда на 1824 год;СПб;1823;NA;NA;312-313;per;NA;Я;В;неурег;nc;core
565;NA;Глебов Д.П.;Память любви;В час сумрака, в сей час священный;1827;Я;Я4;Я4жмжм;NA;Глебов Д.П. Элегии и другие стихотворения;М;1827;NA;NA;68;col;NA;Я;4;жмжм;canon;core
566;NA;Глебов Д.П.;Ночное размышление;Свершив свой славный путь, усталый царь денницы;1827;Я;Я666663;Я666663жжмжжм;NA;Глебов Д.П. Элегии и другие стихотворения;М;1827;NA;NA;7-11;col;NA;Я;666663;жжмжжм;nc;core
567;Иван Козлов;Козлов И.И.;Невеста;О, что сбылось с тобой, невеста молодая?;1835;Я;Я6;Я6жжмм;Вольное подражание Андрею Шенье;БдЧ;NA;1835;Т. 9;NA;126;per;NA;Я;6;жжмм;canon;core
568;И. Козлов;Козлов И.И.;Элегия;О ты, звезда любви, еще на небесах;1835;Я;Я6;Я6ммжж;Из А. Шенье;БдЧ;NA;1835;Т. 12;NA;129;per;NA;Я;6;ммжж;canon;core
569;А. Хомяков;Хомяков А.С.;Элегия;Когда вечерняя спускается роса;1835;Я;Я6;Я6мжмж;NA;МН;NA;1835;Ч. 1;Кн. 1;53-54;per;NA;Я;6;мжмж;canon;core
570;NA;Тепляков В. Г.;Одиночество;В лесу осенний ветр и стонет, и дрожит;1833;Я;Я6;Я6мжмж;NA;Комета Белы;СПб;1833;NA;NA;246;alm;NA;Я;6;мжмж;canon;core
571;NA;Давыдов Д.В.;Элегия V;О, пощади! Зачем волшебство ласк и слов;1832;Я;ЯВ;ЯВмжмж;NA;Стихотворения Дениса Давыдова;М;1832;NA;NA;12;col;NA;Я;В;мжмж;nc;core
573;NA;Глебов Д.П.;Возвращение на родину;Последний солнца луч вершины дальних гор;1827;Я;Я64646664;Я64646664мжмжмжжм;NA;Глебов Д.П. Элегии и другие стихотворения;М;1827;NA;NA;21-23;col;NA;Я;64646664;мжмжмжжм;nc;core
574;И. Козлов;Козлов И.И.;К Тирзе;К чему вам, струны, радость петь?;1828;Я;Я4;Я4мжмж;А.А. Олениной (подражание Байрону);Козлов И.И. Стихотворения;СПб;1828;NA;NA;102-103;col;NA;Я;4;мжмж;nc;core
575;NA;Глебов Д.П.;На возврат друга;Благодаренье вам, о Лары и Пенаты;1827;Я;ЯВ;ЯВнеурег;NA;Глебов Д.П. Элегии и другие стихотворения;М;1827;NA;NA;32-34;col;NA;Я;В;неурег;nc;core
576;NA;Глебов Д.П.;Зимний вечер;В долине, снегом покровенной;1827;Я;Я4;Я4жмжм;NA;Глебов Д.П. Элегии и другие стихотворения;М;1827;NA;NA;51-53;col;NA;Я;4;жмжм;nc;core
577;NA;Глебов Д.П.;Побег;Не забуду я той ночи;1827;Х;Х4;Х4неурег;NA;Глебов Д.П. Элегии и другие стихотворения;М;1827;NA;NA;54-55;col;NA;Х;4;неурег;nc;core
578;NA;Глебов Д.П.;Сельская жизнь;Оставим, милый друг;1827;Я;ЯВ;ЯВнеурег;NA;Глебов Д.П. Элегии и другие стихотворения;М;1827;NA;NA;56-59;col;NA;Я;В;неурег;nc;core
579;NA;Глебов Д.П.;К дружбе;Не огорчай меня досадным попеченьем;1827;Я;ЯВ;ЯВнеурег;NA;Глебов Д.П. Элегии и другие стихотворения;М;1827;NA;NA;64-65;col;NA;Я;В;неурег;nc;core
580;NA;Глебов Д.П.;Мечта;О волшебница мечта;1827;Х;Х4;Х4неурег;NA;Глебов Д.П. Элегии и другие стихотворения;М;1827;NA;NA;66-67;col;NA;Х;4;неурег;nc;core
581;Ф. Алексеев;Алексеев Ф.А.;Элегия;Меня покинули желанья;1827;Я;Я4;Я4жмжм;NA;ДЖ;NA;1827;Ч. 18;№ 8;99;per;NA;Я;4;жмжм;nc;core
582;П. Ватагин;[Ватагин П.];Элегия;Я помню прелесть наслажденья;1827;Я;Я4;Я4неурег;Посвящается Катерине Григорьевне Андреевой;ДЖ;NA;1827;Ч. 18;№ 11;249-250;per;NA;Я;4;неурег;nc;core
583;Z.;[Z.];Воспоминание;День гаснет - и уже вечерний сумрак бродит;1827;Я;Я6;Я6жмжм;Подражание известной элегии Матиссона, написанной им на развалинах рыцарского замка;ДЖ;NA;1827;Ч. 18;№ 12;295-297;per;NA;Я;6;жмжм;nc;core
584;Н. Греков;Греков Н.П.;Элегия;Друзья! в последний раз привет;1827;Я;Я4;Я4неурег;Эпиграф из Шенье: Je meurs. Avan le soir j'ai fini ma journee;ДЖ;NA;1827;Ч. 19;№ 15;116-118;per;NA;Я;4;неурег;nc;core
585;Д.Ш.;[Д. Ш.];Элегия;Не обольщай меня напрасно;1827;Я;Я4;Я4жммж;NA;ДЖ;NA;1827;Ч. 19;№ 16;158;per;NA;Я;4;жммж;nc;core
586;И. Тюрин;Тюрин И.Е.;Элегия;Пока еще цветем и дышим мы весной;1827;Я;ЯВ;ЯВнеурег;Из Ламартина;ДЖ;NA;1827;Ч. 20;№ 23;187-189;per;NA;Я;В;неурег;nc;core
587;NA;Глебов Д.П.;Отъезд;Напрасно я искал на пиршествах в вине;1827;Я;ЯВ;ЯВнеурег;NA;Глебов Д.П. Элегии и другие стихотворения;М;1827;NA;NA;69-72;col;NA;Я;В;неурег;nc;core
588;NA;Суходольский А.;Элегия;Почто меня обворожила;1834;Я;Я4;Я4неурег;NA;Суходольский А. Стихотворения;М;1834;NA;NA;40;col;NA;Я;4;неурег;nc;core
589;NA;Суходольский А.;Элегия;Ах, простите дни заветные;1834;Х;Х4;Х4д;NA;Суходольский А. Стихотворения;М;1834;NA;NA;41-42;col;NA;Х;4;д;nc;core
590;NA;Суходольский А.;Элегия;Наскучась жизнью одинокой;1834;Я;Я4;Я4неурег;NA;Суходольский А. Стихотворения;М;1834;NA;NA;42-43;col;NA;Я;4;неурег;nc;core
591;NA;Суходольский А.;Элегия;Надежды к счастью потеряв;1834;Я;Я4;Я4неурег;NA;Суходольский А. Стихотворения;М;1834;NA;NA;44-45;col;NA;Я;4;неурег;nc;core
592;NA;Суходольский А.;Элегия;Вчерашний вечер много мне;1834;Я;Я4;Я4неурег;NA;Суходольский А. Стихотворения;М;1834;NA;NA;57-58;col;NA;Я;4;неурег;nc;core
593;NA;Грен А.Е.;Элегия;Когда с торжественным молчаньем;1832;Я;Я4;Я4неурег;NA;Грен А. Стихотворения;СПб;1832;NA;NA;21;col;NA;Я;4;неурег;nc;core
594;NA;Грен А.Е.;Элегия;Приметно радость улетает;1832;Я;Я4;Я4неурег;NA;Грен А. Стихотворения;СПб;1832;NA;NA;33;col;NA;Я;4;неурег;nc;core
595;NA;Межаков П.А.;Элегия;Пускай другой, гонясь за счастием, за славой;1817;Я;ЯВ;ЯВнеурег;Подражание Тибуллу;Межаков П. Уединенный певец;СПб;1817;NA;NA;71-77;col;NA;Я;В;неурег;nc;core
596;NA;Милонов М.В.;На кончину Державина;О ком, зрю, Хариты и Музы в печали;1819;Амф;Амф4;Амф4жмжм;Элегия;Милонов М. Сатиры, послания и другие мелкие стихотворения;СПб;1819;NA;NA;127-129;col;NA;Амф;4;жмжм;nc;core
597;NA;Милонов М.В.;К Неере;Пред украшенными почто я алтарями;1819;Я;Я6;Я6неурег;Элегия из Тибулла;Милонов М. Сатиры, послания и другие мелкие стихотворения;СПб;1819;NA;NA;140-142;col;NA;Я;6;неурег;nc;core
598;И. Козлов;Козлов И.И.;Ночь;Корабль наш рассекал стекло морских равнин;1834;Я;Я6;Я6ммжж;Элегия;БдЧ;NA;1834;Т. 2;NA;100;per;NA;Я;6;ммжж;nc;core
599;Иван Козлов;Козлов И.И.;Сельская элегия;В тиши села уединенной;1835;Я;Я4;Я4жмжмжжмм;NA;БдЧ;NA;1835;Т. 13;NA;6-7;per;NA;Я;4;жмжмжжмм;nc;core
600;П. Ершов;Ершов П.П.;Семейство роз;Видали ль вы в долине сокровенной;1835;Я;ЯВ;ЯВнеурег;NA;БдЧ;NA;1835;Т. 13;NA;163-168;per;NA;Я;В;неурег;nc;core
601;С. С...й;[С. С…й];Элегия В.Н. Р...ой;Когда последний луч надежды угасал;1829;Я;Я6;Я6мжмж;NA;ДЖ;NA;1829;Ч. 26;№ 21;119-120;per;NA;Я;6;мжмж;nc;core
602;Леопольд Ланге;[Леопольд Ланге];Элегия;Задумчивый, унылый, хладный;1829;Я;Я4;Я4неурег;NA;ДЖ;NA;1829;Ч. 27;№ 32;90;per;NA;Я;4;неурег;nc;core
603;NA;Дмитриев М.А.;Первая разлука;Ужели ни мечты, ни вздоха сожаленья;1830;Я;ЯВ;ЯВнеурег;NA;Дмитриев М. Стихотворения;М;1830;Ч. 1;NA;20-21;col;NA;Я;В;неурег;nc;core
604;NA;Дмитриев М.А.;Уверения;Тебе ль пенять, что я, незанятый молвой;1830;Я;Я6;Я6неурег;NA;Дмитриев М. Стихотворения;М;1830;Ч. 1;NA;22-23;col;NA;Я;6;неурег;nc;core
605;NA;Дмитриев М.А.;Возвращение;Нет, полно вас жалеть;1830;Я;Я6646;Я6646жмжм;NA;Дмитриев М. Стихотворения;М;1830;Ч. 1;NA;28-31;col;NA;Я;6646;жмжм;nc;core
606;NA;Дмитриев М.А.;Предчувствия любви;Напрасно я мечтал о почестях и славе;1830;Я;Я6;Я6жжмм;NA;Дмитриев М. Стихотворения;М;1830;Ч. 1;NA;32-35;col;NA;Я;6;жжмм;nc;core
607;NA;Дмитриев М.А.;Забывчивость счастия;Едва могу себе на память привести;1830;Я;ЯВ;ЯВнеурег;NA;Дмитриев М. Стихотворения;М;1830;Ч. 1;NA;39-40;col;NA;Я;В;неурег;nc;core
608;NA;Дмитриев М.А.;Деревня;Примите вновь меня, развесистые сени;1830;Я;ЯВ;ЯВнеурег;NA;Дмитриев М. Стихотворения;М;1830;Ч. 1;NA;41-47;col;NA;Я;В;неурег;nc;core
609;NA;Дмитриев М.А.;Весна;Светлее солнца луч играет над прудом;1830;Я;ЯВ;ЯВнеурег;NA;Дмитриев М. Стихотворения;М;1830;Ч. 1;NA;48-49;col;NA;Я;В;неурег;nc;core
610;NA;Дмитриев М.А.;К фантазии;Не ты ли в утренних, прозрачных облаках;1830;Я;ЯВ;ЯВнеурег;NA;Дмитриев М. Стихотворения;М;1830;Ч. 1;NA;52-53;col;NA;Я;В;неурег;nc;core
611;NA;Дмитриев М.А.;Равнодушие;Кто властен удержать младой души движенья;1830;Я;Я6;Я6неурег;NA;Дмитриев М. Стихотворения;М;1830;Ч. 1;NA;54-55;col;NA;Я;6;неурег;nc;core
612;Мих. Дмитриев;Дмитриев М.А.;Признание;Я не могу, я не умею;1827;Я;Я4;Я4жмжм;NA;МВ;NA;1827;Ч. 2.;№ 6;122-123;per;NA;Я;4;жмжм;nc;core
613;NA;Дмитриев М.А.;Нетерпение;Как близко счастие казалось предо мною;1830;Я;ЯВ;ЯВнеурег;NA;Дмитриев М. Стихотворения;М;1830;Ч. 1;NA;59-60;col;NA;Я;В;неурег;nc;core
614;NA;Дмитриев М.А.;Надежда;И я надеялся!.. что было это? Сила;1830;Я;Я6664;Я6664жмжм;NA;Дмитриев М. Стихотворения;М;1830;Ч. 1;NA;61-68;col;NA;Я;6664;жмжм;nc;core
615;Всл. Пушкин;В. Пушкин;Элегия;Проснись, родимая, проснись;1827;Я;ЯВ;ЯВнеурег;NA;МВ;NA;1827;Ч. 2;№ 5;14-16;per;NA;Я;В;неурег;nc;core
;;;;;;;;;;;;;;;;;;;;;;
;;;;;;;;;;;;;;;;;;;;;;
;;;;;;;;;;;;;;;;;;;;;;
;;;;;;;;;;;;;;;;;;;;;;
;;;;;;;;;;;;;;;;;;;;;;
;;;;;;;;;;;;;;;;;;;;;;
;;;;;;;;;;;;;;;;;;;;;;
;;;;;;;;;;;;;;;;;;;;;;
;;;;;;;;;;;;;;;;;;;;;;
;;;;;;;;;;;;;;;;;;;;;;
;;;;;;;;;;;;;;;;;;;;;;
;;;;;;;;;;;;;;;;;;;;;;
;;;;;;;;;;;;;;;;;;;;;;
;;;;;;;;;;;;;;;;;;;;;;
;;;;;;;;;;;;;;;;;;;;;;
;;;;;;;;;;;;;;;;;;;;;;
;;;;;;;;;;;;;;;;;;;;;;
;;;;;;;;;;;;;;;;;;;;;;
;;;;;;;;;;;;;;;;;;;;;;
;;;;;;;;;;;;;;;;;;;;;;
;;;;;;;;;;;;;;;;;;;;;;
;;;;;;;;;;;;;;;;;;;;;;
;;;;;;;;;;;;;;;;;;;;;;
;;;;;;;;;;;;;;;;;;;;;;
;;;;;;;;;;;;;;;;;;;;;;
;;;;;;;;;;;;;;;;;;;;;;
;;;;;;;;;;;;;;;;;;;;;;
;;;;;;;;;;;;;;;;;;;;;;
;;;;;;;;;;;;;;;;;;;;;;
;;;;;;;;;;;;;;;;;;;;;;
;;;;;;;;;;;;;;;;;;;;;;
;;;;;;;;;;;;;;;;;;;;;;
;;;;;;;;;;;;;;;;;;;;;;
;;;;;;;;;;;;;;;;;;;;;;
;;;;;;;;;;;;;;;;;;;;;;
;;;;;;;;;;;;;;;;;;;;;;
;;;;;;;;;;;;;;;;;;;;;;
;;;;;;;;;;;;;;;;;;;;;;
;;;;;;;;;;;;;;;;;;;;;;
;;;;;;;;;;;;;;;;;;;;;;
;;;;;;;;;;;;;;;;;;;;;;
;;;;;;;;;;;;;;;;;;;;;;
;;;;;;;;;;;;;;;;;;;;;;
;;;;;;;;;;;;;;;;;;;;;;
;;;;;;;;;;;;;;;;;;;;;;
;;;;;;;;;;;;;;;;;;;;;;
;;;;;;;;;;;;;;;;;;;;;;
;;;;;;;;;;;;;;;;;;;;;;
;;;;;;;;;;;;;;;;;;;;;;
;;;;;;;;;;;;;;;;;;;;;;
;;;;;;;;;;;;;;;;;;;;;;
;;;;;;;;;;;;;;;;;;;;;;
;;;;;;;;;;;;;;;;;;;;;;
;;;;;;;;;;;;;;;;;;;;;;
;;;;;;;;;;;;;;;;;;;;;;
;;;;;;;;;;;;;;;;;;;;;;
;;;;;;;;;;;;;;;;;;;;;;
;;;;;;;;;;;;;;;;;;;;;;
;;;;;;;;;;;;;;;;;;;;;;
;;;;;;;;;;;;;;;;;;;;;;
;;;;;;;;;;;;;;;;;;;;;;
;;;;;;;;;;;;;;;;;;;;;;
;;;;;;;;;;;;;;;;;;;;;;
;;;;;;;;;;;;;;;;;;;;;;
;;;;;;;;;;;;;;;;;;;;;;
;;;;;;;;;;;;;;;;;;;;;;
;;;;;;;;;;;;;;;;;;;;;;
;;;;;;;;;;;;;;;;;;;;;;
;;;;;;;;;;;;;;;;;;;;;;
;;;;;;;;;;;;;;;;;;;;;;
;;;;;;;;;;;;;;;;;;;;;;
;;;;;;;;;;;;;;;;;;;;;;
;;;;;;;;;;;;;;;;;;;;;;
;;;;;;;;;;;;;;;;;;;;;;
;;;;;;;;;;;;;;;;;;;;;;
;;;;;;;;;;;;;;;;;;;;;;
;;;;;;;;;;;;;;;;;;;;;;
;;;;;;;;;;;;;;;;;;;;;;
;;;;;;;;;;;;;;;;;;;;;;
;;;;;;;;;;;;;;;;;;;;;;
;;;;;;;;;;;;;;;;;;;;;;
;;;;;;;;;;;;;;;;;;;;;;
;;;;;;;;;;;;;;;;;;;;;;
;;;;;;;;;;;;;;;;;;;;;;
;;;;;;;;;;;;;;;;;;;;;;
;;;;;;;;;;;;;;;;;;;;;;
;;;;;;;;;;;;;;;;;;;;;;
;;;;;;;;;;;;;;;;;;;;;;
;;;;;;;;;;;;;;;;;;;;;;
;;;;;;;;;;;;;;;;;;;;;;
;;;;;;;;;;;;;;;;;;;;;;
;;;;;;;;;;;;;;;;;;;;;;
;;;;;;;;;;;;;;;;;;;;;;
;;;;;;;;;;;;;;;;;;;;;;
;;;;;;;;;;;;;;;;;;;;;;
;;;;;;;;;;;;;;;;;;;;;;
;;;;;;;;;;;;;;;;;;;;;;
;;;;;;;;;;;;;;;;;;;;;;
;;;;;;;;;;;;;;;;;;;;;;
;;;;;;;;;;;;;;;;;;;;;;
;;;;;;;;;;;;;;;;;;;;;;
;;;;;;;;;;;;;;;;;;;;;;
;;;;;;;;;;;;;;;;;;;;;;
;;;;;;;;;;;;;;;;;;;;;;
;;;;;;;;;;;;;;;;;;;;;;
;;;;;;;;;;;;;;;;;;;;;;
;;;;;;;;;;;;;;;;;;;;;;
;;;;;;;;;;;;;;;;;;;;;;
;;;;;;;;;;;;;;;;;;;;;;
;;;;;;;;;;;;;;;;;;;;;;
;;;;;;;;;;;;;;;;;;;;;;
;;;;;;;;;;;;;;;;;;;;;;
;;;;;;;;;;;;;;;;;;;;;;
;;;;;;;;;;;;;;;;;;;;;;
;;;;;;;;;;;;;;;;;;;;;;
;;;;;;;;;;;;;;;;;;;;;;
;;;;;;;;;;;;;;;;;;;;;;
;;;;;;;;;;;;;;;;;;;;;;
;;;;;;;;;;;;;;;;;;;;;;
;;;;;;;;;;;;;;;;;;;;;;
;;;;;;;;;;;;;;;;;;;;;;
;;;;;;;;;;;;;;;;;;;;;;
;;;;;;;;;;;;;;;;;;;;;;
;;;;;;;;;;;;;;;;;;;;;;
;;;;;;;;;;;;;;;;;;;;;;
;;;;;;;;;;;;;;;;;;;;;;
;;;;;;;;;;;;;;;;;;;;;;
;;;;;;;;;;;;;;;;;;;;;;
;;;;;;;;;;;;;;;;;;;;;;
;;;;;;;;;;;;;;;;;;;;;;
;;;;;;;;;;;;;;;;;;;;;;
;;;;;;;;;;;;;;;;;;;;;;
;;;;;;;;;;;;;;;;;;;;;;
;;;;;;;;;;;;;;;;;;;;;;
;;;;;;;;;;;;;;;;;;;;;;
;;;;;;;;;;;;;;;;;;;;;;
;;;;;;;;;;;;;;;;;;;;;;
;;;;;;;;;;;;;;;;;;;;;;
;;;;;;;;;;;;;;;;;;;;;;
;;;;;;;;;;;;;;;;;;;;;;
;;;;;;;;;;;;;;;;;;;;;;
;;;;;;;;;;;;;;;;;;;;;;
;;;;;;;;;;;;;;;;;;;;;;
;;;;;;;;;;;;;;;;;;;;;;
;;;;;;;;;;;;;;;;;;;;;;
;;;;;;;;;;;;;;;;;;;;;;
;;;;;;;;;;;;;;;;;;;;;;
;;;;;;;;;;;;;;;;;;;;;;
;;;;;;;;;;;;;;;;;;;;;;
;;;;;;;;;;;;;;;;;;;;;;
;;;;;;;;;;;;;;;;;;;;;;
;;;;;;;;;;;;;;;;;;;;;;
;;;;;;;;;;;;;;;;;;;;;;
;;;;;;;;;;;;;;;;;;;;;;
;;;;;;;;;;;;;;;;;;;;;;
;;;;;;;;;;;;;;;;;;;;;;
;;;;;;;;;;;;;;;;;;;;;;
;;;;;;;;;;;;;;;;;;;;;;
;;;;;;;;;;;;;;;;;;;;;;
;;;;;;;;;;;;;;;;;;;;;;
;;;;;;;;;;;;;;;;;;;;;;
;;;;;;;;;;;;;;;;;;;;;;
;;;;;;;;;;;;;;;;;;;;;;
;;;;;;;;;;;;;;;;;;;;;;
;;;;;;;;;;;;;;;;;;;;;;
;;;;;;;;;;;;;;;;;;;;;;
;;;;;;;;;;;;;;;;;;;;;;
;;;;;;;;;;;;;;;;;;;;;;
;;;;;;;;;;;;;;;;;;;;;;
;;;;;;;;;;;;;;;;;;;;;;
;;;;;;;;;;;;;;;;;;;;;;
;;;;;;;;;;;;;;;;;;;;;;
;;;;;;;;;;;;;;;;;;;;;;
;;;;;;;;;;;;;;;;;;;;;;
;;;;;;;;;;;;;;;;;;;;;;
;;;;;;;;;;;;;;;;;;;;;;
;;;;;;;;;;;;;;;;;;;;;;
;;;;;;;;;;;;;;;;;;;;;;
;;;;;;;;;;;;;;;;;;;;;;
;;;;;;;;;;;;;;;;;;;;;;
;;;;;;;;;;;;;;;;;;;;;;
;;;;;;;;;;;;;;;;;;;;;;
;;;;;;;;;;;;;;;;;;;;;;
;;;;;;;;;;;;;;;;;;;;;;
;;;;;;;;;;;;;;;;;;;;;;
;;;;;;;;;;;;;;;;;;;;;;
;;;;;;;;;;;;;;;;;;;;;;
;;;;;;;;;;;;;;;;;;;;;;
;;;;;;;;;;;;;;;;;;;;;;
;;;;;;;;;;;;;;;;;;;;;;
;;;;;;;;;;;;;;;;;;;;;;
;;;;;;;;;;;;;;;;;;;;;;
;;;;;;;;;;;;;;;;;;;;;;
;;;;;;;;;;;;;;;;;;;;;;
;;;;;;;;;;;;;;;;;;;;;;
;;;;;;;;;;;;;;;;;;;;;;
;;;;;;;;;;;;;;;;;;;;;;
;;;;;;;;;;;;;;;;;;;;;;
;;;;;;;;;;;;;;;;;;;;;;
;;;;;;;;;;;;;;;;;;;;;;
;;;;;;;;;;;;;;;;;;;;;;
;;;;;;;;;;;;;;;;;;;;;;
;;;;;;;;;;;;;;;;;;;;;;
;;;;;;;;;;;;;;;;;;;;;;
;;;;;;;;;;;;;;;;;;;;;;
;;;;;;;;;;;;;;;;;;;;;;
;;;;;;;;;;;;;;;;;;;;;;
;;;;;;;;;;;;;;;;;;;;;;
;;;;;;;;;;;;;;;;;;;;;;
;;;;;;;;;;;;;;;;;;;;;;
;;;;;;;;;;;;;;;;;;;;;;
;;;;;;;;;;;;;;;;;;;;;;
;;;;;;;;;;;;;;;;;;;;;;
;;;;;;;;;;;;;;;;;;;;;;
;;;;;;;;;;;;;;;;;;;;;;
;;;;;;;;;;;;;;;;;;;;;;
;;;;;;;;;;;;;;;;;;;;;;
;;;;;;;;;;;;;;;;;;;;;;
;;;;;;;;;;;;;;;;;;;;;;
;;;;;;;;;;;;;;;;;;;;;;
;;;;;;;;;;;;;;;;;;;;;;
;;;;;;;;;;;;;;;;;;;;;;
;;;;;;;;;;;;;;;;;;;;;;
;;;;;;;;;;;;;;;;;;;;;;
;;;;;;;;;;;;;;;;;;;;;;
;;;;;;;;;;;;;;;;;;;;;;
;;;;;;;;;;;;;;;;;;;;;;
;;;;;;;;;;;;;;;;;;;;;;
;;;;;;;;;;;;;;;;;;;;;;
;;;;;;;;;;;;;;;;;;;;;;
;;;;;;;;;;;;;;;;;;;;;;
;;;;;;;;;;;;;;;;;;;;;;
;;;;;;;;;;;;;;;;;;;;;;
;;;;;;;;;;;;;;;;;;;;;;
;;;;;;;;;;;;;;;;;;;;;;
;;;;;;;;;;;;;;;;;;;;;;
;;;;;;;;;;;;;;;;;;;;;;
;;;;;;;;;;;;;;;;;;;;;;
;;;;;;;;;;;;;;;;;;;;;;
;;;;;;;;;;;;;;;;;;;;;;
;;;;;;;;;;;;;;;;;;;;;;
;;;;;;;;;;;;;;;;;;;;;;
;;;;;;;;;;;;;;;;;;;;;;
;;;;;;;;;;;;;;;;;;;;;;
;;;;;;;;;;;;;;;;;;;;;;
;;;;;;;;;;;;;;;;;;;;;;
;;;;;;;;;;;;;;;;;;;;;;
;;;;;;;;;;;;;;;;;;;;;;
;;;;;;;;;;;;;;;;;;;;;;
;;;;;;;;;;;;;;;;;;;;;;
;;;;;;;;;;;;;;;;;;;;;;
;;;;;;;;;;;;;;;;;;;;;;
;;;;;;;;;;;;;;;;;;;;;;
;;;;;;;;;;;;;;;;;;;;;;
;;;;;;;;;;;;;;;;;;;;;;
;;;;;;;;;;;;;;;;;;;;;;
;;;;;;;;;;;;;;;;;;;;;;
;;;;;;;;;;;;;;;;;;;;;;
;;;;;;;;;;;;;;;;;;;;;;
;;;;;;;;;;;;;;;;;;;;;;
;;;;;;;;;;;;;;;;;;;;;;
;;;;;;;;;;;;;;;;;;;;;;
;;;;;;;;;;;;;;;;;;;;;;
;;;;;;;;;;;;;;;;;;;;;;
;;;;;;;;;;;;;;;;;;;;;;
;;;;;;;;;;;;;;;;;;;;;;
;;;;;;;;;;;;;;;;;;;;;;
;;;;;;;;;;;;;;;;;;;;;;
;;;;;;;;;;;;;;;;;;;;;;
;;;;;;;;;;;;;;;;;;;;;;
;;;;;;;;;;;;;;;;;;;;;;
;;;;;;;;;;;;;;;;;;;;;;
;;;;;;;;;;;;;;;;;;;;;;
;;;;;;;;;;;;;;;;;;;;;;
;;;;;;;;;;;;;;;;;;;;;;
;;;;;;;;;;;;;;;;;;;;;;
;;;;;;;;;;;;;;;;;;;;;;
;;;;;;;;;;;;;;;;;;;;;;
;;;;;;;;;;;;;;;;;;;;;;
;;;;;;;;;;;;;;;;;;;;;;
;;;;;;;;;;;;;;;;;;;;;;
;;;;;;;;;;;;;;;;;;;;;;
;;;;;;;;;;;;;;;;;;;;;;
;;;;;;;;;;;;;;;;;;;;;;
;;;;;;;;;;;;;;;;;;;;;;
;;;;;;;;;;;;;;;;;;;;;;
;;;;;;;;;;;;;;;;;;;;;;
;;;;;;;;;;;;;;;;;;;;;;
;;;;;;;;;;;;;;;;;;;;;;
;;;;;;;;;;;;;;;;;;;;;;
;;;;;;;;;;;;;;;;;;;;;;
;;;;;;;;;;;;;;;;;;;;;;
;;;;;;;;;;;;;;;;;;;;;;
;;;;;;;;;;;;;;;;;;;;;;
;;;;;;;;;;;;;;;;;;;;;;
;;;;;;;;;;;;;;;;;;;;;;
;;;;;;;;;;;;;;;;;;;;;;
;;;;;;;;;;;;;;;;;;;;;;
;;;;;;;;;;;;;;;;;;;;;;
;;;;;;;;;;;;;;;;;;;;;;
;;;;;;;;;;;;;;;;;;;;;;
;;;;;;;;;;;;;;;;;;;;;;
;;;;;;;;;;;;;;;;;;;;;;
;;;;;;;;;;;;;;;;;;;;;;
;;;;;;;;;;;;;;;;;;;;;;
;;;;;;;;;;;;;;;;;;;;;;
;;;;;;;;;;;;;;;;;;;;;;
;;;;;;;;;;;;;;;;;;;;;;
;;;;;;;;;;;;;;;;;;;;;;
;;;;;;;;;;;;;;;;;;;;;;
;;;;;;;;;;;;;;;;;;;;;;
;;;;;;;;;;;;;;;;;;;;;;
;;;;;;;;;;;;;;;;;;;;;;
;;;;;;;;;;;;;;;;;;;;;;
;;;;;;;;;;;;;;;;;;;;;;
;;;;;;;;;;;;;;;;;;;;;;
;;;;;;;;;;;;;;;;;;;;;;
;;;;;;;;;;;;;;;;;;;;;;
;;;;;;;;;;;;;;;;;;;;;;
;;;;;;;;;;;;;;;;;;;;;;
;;;;;;;;;;;;;;;;;;;;;;
;;;;;;;;;;;;;;;;;;;;;;
;;;;;;;;;;;;;;;;;;;;;;
;;;;;;;;;;;;;;;;;;;;;;
;;;;;;;;;;;;;;;;;;;;;;
;;;;;;;;;;;;;;;;;;;;;;
;;;;;;;;;;;;;;;;;;;;;;
;;;;;;;;;;;;;;;;;;;;;;
;;;;;;;;;;;;;;;;;;;;;;
;;;;;;;;;;;;;;;;;;;;;;
;;;;;;;;;;;;;;;;;;;;;;
;;;;;;;;;;;;;;;;;;;;;;
;;;;;;;;;;;;;;;;;;;;;;
;;;;;;;;;;;;;;;;;;;;;;
;;;;;;;;;;;;;;;;;;;;;;
;;;;;;;;;;;;;;;;;;;;;;
;;;;;;;;;;;;;;;;;;;;;;
;;;;;;;;;;;;;;;;;;;;;;
;;;;;;;;;;;;;;;;;;;;;;
;;;;;;;;;;;;;;;;;;;;;;
;;;;;;;;;;;;;;;;;;;;;;
;;;;;;;;;;;;;;;;;;;;;;
;;;;;;;;;;;;;;;;;;;;;;
;;;;;;;;;;;;;;;;;;;;;;
;;;;;;;;;;;;;;;;;;;;;;
;;;;;;;;;;;;;;;;;;;;;;
;;;;;;;;;;;;;;;;;;;;;;
;;;;;;;;;;;;;;;;;;;;;;
;;;;;;;;;;;;;;;;;;;;;;
;;;;;;;;;;;;;;;;;;;;;;
;;;;;;;;;;;;;;;;;;;;;;
;;;;;;;;;;;;;;;;;;;;;;
;;;;;;;;;;;;;;;;;;;;;;
;;;;;;;;;;;;;;;;;;;;;;
;;;;;;;;;;;;;;;;;;;;;;
;;;;;;;;;;;;;;;;;;;;;;
;;;;;;;;;;;;;;;;;;;;;;
;;;;;;;;;;;;;;;;;;;;;;
;;;;;;;;;;;;;;;;;;;;;;
;;;;;;;;;;;;;;;;;;;;;;
;;;;;;;;;;;;;;;;;;;;;;
;;;;;;;;;;;;;;;;;;;;;;
;;;;;;;;;;;;;;;;;;;;;;
;;;;;;;;;;;;;;;;;;;;;;
;;;;;;;;;;;;;;;;;;;;;;
;;;;;;;;;;;;;;;;;;;;;;
;;;;;;;;;;;;;;;;;;;;;;
;;;;;;;;;;;;;;;;;;;;;;
;;;;;;;;;;;;;;;;;;;;;;
;;;;;;;;;;;;;;;;;;;;;;
;;;;;;;;;;;;;;;;;;;;;;
;;;;;;;;;;;;;;;;;;;;;;
;;;;;;;;;;;;;;;;;;;;;;
;;;;;;;;;;;;;;;;;;;;;;
;;;;;;;;;;;;;;;;;;;;;;
;;;;;;;;;;;;;;;;;;;;;;
;;;;;;;;;;;;;;;;;;;;;;
;;;;;;;;;;;;;;;;;;;;;;
;;;;;;;;;;;;;;;;;;;;;;
;;;;;;;;;;;;;;;;;;;;;;
;;;;;;;;;;;;;;;;;;;;;;
;;;;;;;;;;;;;;;;;;;;;;
;;;;;;;;;;;;;;;;;;;;;;
;;;;;;;;;;;;;;;;;;;;;;
;;;;;;;;;;;;;;;;;;;;;;
;;;;;;;;;;;;;;;;;;;;;;
;;;;;;;;;;;;;;;;;;;;;;
;;;;;;;;;;;;;;;;;;;;;;
;;;;;;;;;;;;;;;;;;;;;;
;;;;;;;;;;;;;;;;;;;;;;
;;;;;;;;;;;;;;;;;;;;;;
;;;;;;;;;;;;;;;;;;;;;;
;;;;;;;;;;;;;;;;;;;;;;
;;;;;;;;;;;;;;;;;;;;;;
;;;;;;;;;;;;;;;;;;;;;;
;;;;;;;;;;;;;;;;;;;;;;
;;;;;;;;;;;;;;;;;;;;;;
;;;;;;;;;;;;;;;;;;;;;;
;;;;;;;;;;;;;;;;;;;;;;
;;;;;;;;;;;;;;;;;;;;;;
;;;;;;;;;;;;;;;;;;;;;;
;;;;;;;;;;;;;;;;;;;;;;
;;;;;;;;;;;;;;;;;;;;;;
;;;;;;;;;;;;;;;;;;;;;;
;;;;;;;;;;;;;;;;;;;;;;
;;;;;;;;;;;;;;;;;;;;;;
;;;;;;;;;;;;;;;;;;;;;;
;;;;;;;;;;;;;;;;;;;;;;
;;;;;;;;;;;;;;;;;;;;;;
;;;;;;;;;;;;;;;;;;;;;;
;;;;;;;;;;;;;;;;;;;;;;
;;;;;;;;;;;;;;;;;;;;;;
;;;;;;;;;;;;;;;;;;;;;;
;;;;;;;;;;;;;;;;;;;;;;
;;;;;;;;;;;;;;;;;;;;;;
;;;;;;;;;;;;;;;;;;;;;;
;;;;;;;;;;;;;;;;;;;;;;
;;;;;;;;;;;;;;;;;;;;;;
;;;;;;;;;;;;;;;;;;;;;;
;;;;;;;;;;;;;;;;;;;;;;
;;;;;;;;;;;;;;;;;;;;;;
;;;;;;;;;;;;;;;;;;;;;;
;;;;;;;;;;;;;;;;;;;;;;
;;;;;;;;;;;;;;;;;;;;;;
;;;;;;;;;;;;;;;;;;;;;;
;;;;;;;;;;;;;;;;;;;;;;
;;;;;;;;;;;;;;;;;;;;;;
;;;;;;;;;;;;;;;;;;;;;;
;;;;;;;;;;;;;;;;;;;;;;
;;;;;;;;;;;;;;;;;;;;;;
;;;;;;;;;;;;;;;;;;;;;;
;;;;;;;;;;;;;;;;;;;;;;
;;;;;;;;;;;;;;;;;;;;;;
;;;;;;;;;;;;;;;;;;;;;;
;;;;;;;;;;;;;;;;;;;;;;
;;;;;;;;;;;;;;;;;;;;;;
;;;;;;;;;;;;;;;;;;;;;;
;;;;;;;;;;;;;;;;;;;;;;
;;;;;;;;;;;;;;;;;;;;;;
;;;;;;;;;;;;;;;;;;;;;;
;;;;;;;;;;;;;;;;;;;;;;
;;;;;;;;;;;;;;;;;;;;;;
;;;;;;;;;;;;;;;;;;;;;;
;;;;;;;;;;;;;;;;;;;;;;
;;;;;;;;;;;;;;;;;;;;;;
;;;;;;;;;;;;;;;;;;;;;;
;;;;;;;;;;;;;;;;;;;;;;
;;;;;;;;;;;;;;;;;;;;;;
;;;;;;;;;;;;;;;;;;;;;;
;;;;;;;;;;;;;;;;;;;;;;